INSERT INTO BUSDATA_CONFIG (ID, CONFIG_ADDRESS, CONFIG_BIT, CONFIG_BIT_STATE, CONFIG_BUS) VALUES (115, 20, 2, 1, 1);
INSERT INTO BUSDATA_CONFIG (ID, CONFIG_ADDRESS, CONFIG_BIT, CONFIG_BIT_STATE, CONFIG_BUS) VALUES (117, 20, 1, 1, 1);
INSERT INTO BUSDATA_CONFIG (ID, CONFIG_ADDRESS, CONFIG_BIT, CONFIG_BIT_STATE, CONFIG_BUS) VALUES (119, 11, 4, 1, 1);
INSERT INTO BUSDATA_CONFIG (ID, CONFIG_ADDRESS, CONFIG_BIT, CONFIG_BIT_STATE, CONFIG_BUS) VALUES (121, 11, 3, 1, 1);
INSERT INTO BUSDATA_CONFIG (ID, CONFIG_ADDRESS, CONFIG_BIT, CONFIG_BIT_STATE, CONFIG_BUS) VALUES (123, 11, 2, 1, 1);
INSERT INTO BUSDATA_CONFIG (ID, CONFIG_ADDRESS, CONFIG_BIT, CONFIG_BIT_STATE, CONFIG_BUS) VALUES (125, 11, 1, 1, 1);
INSERT INTO BUSDATA_CONFIG (ID, CONFIG_ADDRESS, CONFIG_BIT, CONFIG_BIT_STATE, CONFIG_BUS) VALUES (602, 59, 2, 1, 1);
INSERT INTO BUSDATA_CONFIG (ID, CONFIG_ADDRESS, CONFIG_BIT, CONFIG_BIT_STATE, CONFIG_BUS) VALUES (604, 59, 1, 1, 1);
INSERT INTO BUSDATA_CONFIG (ID, CONFIG_ADDRESS, CONFIG_BIT, CONFIG_BIT_STATE, CONFIG_BUS) VALUES (606, 50, 3, 1, 1);
INSERT INTO BUSDATA_CONFIG (ID, CONFIG_ADDRESS, CONFIG_BIT, CONFIG_BIT_STATE, CONFIG_BUS) VALUES (608, 50, 4, 1, 1);
INSERT INTO BUSDATA_CONFIG (ID, CONFIG_ADDRESS, CONFIG_BIT, CONFIG_BIT_STATE, CONFIG_BUS) VALUES (610, 59, 8, 1, 1);
INSERT INTO BUSDATA_CONFIG (ID, CONFIG_ADDRESS, CONFIG_BIT, CONFIG_BIT_STATE, CONFIG_BUS) VALUES (612, 59, 4, 1, 1);
INSERT INTO BUSDATA_CONFIG (ID, CONFIG_ADDRESS, CONFIG_BIT, CONFIG_BIT_STATE, CONFIG_BUS) VALUES (614, 50, 8, 1, 1);
INSERT INTO BUSDATA_CONFIG (ID, CONFIG_ADDRESS, CONFIG_BIT, CONFIG_BIT_STATE, CONFIG_BUS) VALUES (616, 59, 7, 1, 1);
INSERT INTO BUSDATA_CONFIG (ID, CONFIG_ADDRESS, CONFIG_BIT, CONFIG_BIT_STATE, CONFIG_BUS) VALUES (618, 59, 5, 1, 1);
INSERT INTO BUSDATA_CONFIG (ID, CONFIG_ADDRESS, CONFIG_BIT, CONFIG_BIT_STATE, CONFIG_BUS) VALUES (620, 50, 7, 1, 1);
INSERT INTO BUSDATA_CONFIG (ID, CONFIG_ADDRESS, CONFIG_BIT, CONFIG_BIT_STATE, CONFIG_BUS) VALUES (622, 59, 6, 1, 1);
INSERT INTO BUSDATA_CONFIG (ID, CONFIG_ADDRESS, CONFIG_BIT, CONFIG_BIT_STATE, CONFIG_BUS) VALUES (624, 50, 6, 1, 1);
INSERT INTO BUSDATA_CONFIG (ID, CONFIG_ADDRESS, CONFIG_BIT, CONFIG_BIT_STATE, CONFIG_BUS) VALUES (1402, 10, 2, 1, 1);
INSERT INTO BUSDATA_CONFIG (ID, CONFIG_ADDRESS, CONFIG_BIT, CONFIG_BIT_STATE, CONFIG_BUS) VALUES (1404, 10, 1, 1, 1);
INSERT INTO BUSDATA_CONFIG (ID, CONFIG_ADDRESS, CONFIG_BIT, CONFIG_BIT_STATE, CONFIG_BUS) VALUES (1406, 10, 2, 1, 1);
INSERT INTO BUSDATA_CONFIG (ID, CONFIG_ADDRESS, CONFIG_BIT, CONFIG_BIT_STATE, CONFIG_BUS) VALUES (1408, 10, 1, 1, 1);
INSERT INTO BUSDATA_CONFIG (ID, CONFIG_ADDRESS, CONFIG_BIT, CONFIG_BIT_STATE, CONFIG_BUS) VALUES (1409, 10, 3, 1, 1);
INSERT INTO BUSDATA_CONFIG (ID, CONFIG_ADDRESS, CONFIG_BIT, CONFIG_BIT_STATE, CONFIG_BUS) VALUES (1410, 10, 3, 0, 1);
INSERT INTO BUSDATA_CONFIG (ID, CONFIG_ADDRESS, CONFIG_BIT, CONFIG_BIT_STATE, CONFIG_BUS) VALUES (1411, 10, 3, 0, 1);
INSERT INTO BUSDATA_CONFIG (ID, CONFIG_ADDRESS, CONFIG_BIT, CONFIG_BIT_STATE, CONFIG_BUS) VALUES (1412, null, 1, 0, 1);
INSERT INTO BUSDATA_CONFIG (ID, CONFIG_ADDRESS, CONFIG_BIT, CONFIG_BIT_STATE, CONFIG_BUS) VALUES (1413, 10, 4, 1, 1);
INSERT INTO BUSDATA_CONFIG (ID, CONFIG_ADDRESS, CONFIG_BIT, CONFIG_BIT_STATE, CONFIG_BUS) VALUES (1415, 10, 2, 1, 1);
INSERT INTO BUSDATA_CONFIG (ID, CONFIG_ADDRESS, CONFIG_BIT, CONFIG_BIT_STATE, CONFIG_BUS) VALUES (1417, 10, 1, 1, 1);
INSERT INTO BUSDATA_CONFIG (ID, CONFIG_ADDRESS, CONFIG_BIT, CONFIG_BIT_STATE, CONFIG_BUS) VALUES (1418, 10, 3, 1, 1);
INSERT INTO BUSDATA_CONFIG (ID, CONFIG_ADDRESS, CONFIG_BIT, CONFIG_BIT_STATE, CONFIG_BUS) VALUES (1419, 10, 3, 0, 1);
INSERT INTO BUSDATA_CONFIG (ID, CONFIG_ADDRESS, CONFIG_BIT, CONFIG_BIT_STATE, CONFIG_BUS) VALUES (1420, 10, 3, 0, 1);
INSERT INTO BUSDATA_CONFIG (ID, CONFIG_ADDRESS, CONFIG_BIT, CONFIG_BIT_STATE, CONFIG_BUS) VALUES (1421, null, 1, 0, 1);
INSERT INTO BUSDATA_CONFIG (ID, CONFIG_ADDRESS, CONFIG_BIT, CONFIG_BIT_STATE, CONFIG_BUS) VALUES (1422, 10, 4, 1, 1);
INSERT INTO BUSDATA_CONFIG (ID, CONFIG_ADDRESS, CONFIG_BIT, CONFIG_BIT_STATE, CONFIG_BUS) VALUES (1423, 10, 6, 1, 1);
INSERT INTO BUSDATA_CONFIG (ID, CONFIG_ADDRESS, CONFIG_BIT, CONFIG_BIT_STATE, CONFIG_BUS) VALUES (1424, 10, 6, 0, 1);
INSERT INTO BUSDATA_CONFIG (ID, CONFIG_ADDRESS, CONFIG_BIT, CONFIG_BIT_STATE, CONFIG_BUS) VALUES (1425, 10, 6, 0, 1);
INSERT INTO BUSDATA_CONFIG (ID, CONFIG_ADDRESS, CONFIG_BIT, CONFIG_BIT_STATE, CONFIG_BUS) VALUES (1426, null, 1, 0, 1);
INSERT INTO BUSDATA_CONFIG (ID, CONFIG_ADDRESS, CONFIG_BIT, CONFIG_BIT_STATE, CONFIG_BUS) VALUES (1427, 10, 6, 1, 1);
INSERT INTO BUSDATA_CONFIG (ID, CONFIG_ADDRESS, CONFIG_BIT, CONFIG_BIT_STATE, CONFIG_BUS) VALUES (1429, 10, 5, 1, 1);
INSERT INTO BUSDATA_CONFIG (ID, CONFIG_ADDRESS, CONFIG_BIT, CONFIG_BIT_STATE, CONFIG_BUS) VALUES (1431, 12, 7, 1, 1);
INSERT INTO BUSDATA_CONFIG (ID, CONFIG_ADDRESS, CONFIG_BIT, CONFIG_BIT_STATE, CONFIG_BUS) VALUES (1433, 12, 6, 1, 1);
INSERT INTO BUSDATA_CONFIG (ID, CONFIG_ADDRESS, CONFIG_BIT, CONFIG_BIT_STATE, CONFIG_BUS) VALUES (1435, 10, 7, 1, 1);
INSERT INTO BUSDATA_CONFIG (ID, CONFIG_ADDRESS, CONFIG_BIT, CONFIG_BIT_STATE, CONFIG_BUS) VALUES (1437, 10, 8, 1, 1);
INSERT INTO BUSDATA_CONFIG (ID, CONFIG_ADDRESS, CONFIG_BIT, CONFIG_BIT_STATE, CONFIG_BUS) VALUES (1439, 53, 1, 1, 1);
INSERT INTO BUSDATA_CONFIG (ID, CONFIG_ADDRESS, CONFIG_BIT, CONFIG_BIT_STATE, CONFIG_BUS) VALUES (1441, 53, 2, 1, 1);
INSERT INTO BUSDATA_CONFIG (ID, CONFIG_ADDRESS, CONFIG_BIT, CONFIG_BIT_STATE, CONFIG_BUS) VALUES (1443, 56, 8, 1, 1);
INSERT INTO BUSDATA_CONFIG (ID, CONFIG_ADDRESS, CONFIG_BIT, CONFIG_BIT_STATE, CONFIG_BUS) VALUES (1445, 12, 5, 1, 1);
INSERT INTO BUSDATA_CONFIG (ID, CONFIG_ADDRESS, CONFIG_BIT, CONFIG_BIT_STATE, CONFIG_BUS) VALUES (2332, 56, 6, 1, 1);
INSERT INTO BUSDATA_CONFIG (ID, CONFIG_ADDRESS, CONFIG_BIT, CONFIG_BIT_STATE, CONFIG_BUS) VALUES (2334, 56, 2, 1, 1);
INSERT INTO BUSDATA_CONFIG (ID, CONFIG_ADDRESS, CONFIG_BIT, CONFIG_BIT_STATE, CONFIG_BUS) VALUES (2731, 11, 8, 1, 1);
INSERT INTO BUSDATA_CONFIG (ID, CONFIG_ADDRESS, CONFIG_BIT, CONFIG_BIT_STATE, CONFIG_BUS) VALUES (2732, 11, 8, 0, 1);
INSERT INTO BUSDATA_CONFIG (ID, CONFIG_ADDRESS, CONFIG_BIT, CONFIG_BIT_STATE, CONFIG_BUS) VALUES (2733, 11, 8, 0, 1);
INSERT INTO BUSDATA_CONFIG (ID, CONFIG_ADDRESS, CONFIG_BIT, CONFIG_BIT_STATE, CONFIG_BUS) VALUES (2734, null, 1, 0, 1);
INSERT INTO BUSDATA_CONFIG (ID, CONFIG_ADDRESS, CONFIG_BIT, CONFIG_BIT_STATE, CONFIG_BUS) VALUES (2735, null, 1, 0, 1);
INSERT INTO BUSDATA_CONFIG (ID, CONFIG_ADDRESS, CONFIG_BIT, CONFIG_BIT_STATE, CONFIG_BUS) VALUES (2736, 11, 7, 1, 1);
INSERT INTO BUSDATA_CONFIG (ID, CONFIG_ADDRESS, CONFIG_BIT, CONFIG_BIT_STATE, CONFIG_BUS) VALUES (2737, 11, 7, 0, 1);
INSERT INTO BUSDATA_CONFIG (ID, CONFIG_ADDRESS, CONFIG_BIT, CONFIG_BIT_STATE, CONFIG_BUS) VALUES (2738, 11, 7, 0, 1);
INSERT INTO BUSDATA_CONFIG (ID, CONFIG_ADDRESS, CONFIG_BIT, CONFIG_BIT_STATE, CONFIG_BUS) VALUES (2739, null, 1, 0, 1);
INSERT INTO BUSDATA_CONFIG (ID, CONFIG_ADDRESS, CONFIG_BIT, CONFIG_BIT_STATE, CONFIG_BUS) VALUES (2740, null, 1, 0, 1);
INSERT INTO BUSDATA_CONFIG (ID, CONFIG_ADDRESS, CONFIG_BIT, CONFIG_BIT_STATE, CONFIG_BUS) VALUES (2743, 12, 4, 1, 1);
INSERT INTO BUSDATA_CONFIG (ID, CONFIG_ADDRESS, CONFIG_BIT, CONFIG_BIT_STATE, CONFIG_BUS) VALUES (2744, 12, 4, 0, 1);
INSERT INTO BUSDATA_CONFIG (ID, CONFIG_ADDRESS, CONFIG_BIT, CONFIG_BIT_STATE, CONFIG_BUS) VALUES (3032, 50, 2, 1, 1);
INSERT INTO BUSDATA_CONFIG (ID, CONFIG_ADDRESS, CONFIG_BIT, CONFIG_BIT_STATE, CONFIG_BUS) VALUES (3034, 50, 1, 1, 1);
INSERT INTO BUSDATA_CONFIG (ID, CONFIG_ADDRESS, CONFIG_BIT, CONFIG_BIT_STATE, CONFIG_BUS) VALUES (3049, 20, 5, 1, 1);
INSERT INTO BUSDATA_CONFIG (ID, CONFIG_ADDRESS, CONFIG_BIT, CONFIG_BIT_STATE, CONFIG_BUS) VALUES (3050, 20, 5, 0, 1);
INSERT INTO BUSDATA_CONFIG (ID, CONFIG_ADDRESS, CONFIG_BIT, CONFIG_BIT_STATE, CONFIG_BUS) VALUES (3051, null, 1, 0, 1);
INSERT INTO BUSDATA_CONFIG (ID, CONFIG_ADDRESS, CONFIG_BIT, CONFIG_BIT_STATE, CONFIG_BUS) VALUES (3052, 12, 2, 1, 1);
INSERT INTO BUSDATA_CONFIG (ID, CONFIG_ADDRESS, CONFIG_BIT, CONFIG_BIT_STATE, CONFIG_BUS) VALUES (3053, 12, 2, 0, 1);
INSERT INTO BUSDATA_CONFIG (ID, CONFIG_ADDRESS, CONFIG_BIT, CONFIG_BIT_STATE, CONFIG_BUS) VALUES (3054, null, 1, 0, 1);
INSERT INTO BUSDATA_CONFIG (ID, CONFIG_ADDRESS, CONFIG_BIT, CONFIG_BIT_STATE, CONFIG_BUS) VALUES (4613, null, 1, 0, 1);
INSERT INTO BUSDATA_CONFIG (ID, CONFIG_ADDRESS, CONFIG_BIT, CONFIG_BIT_STATE, CONFIG_BUS) VALUES (4614, null, 1, 0, 1);
INSERT INTO BUSDATA_CONFIG (ID, CONFIG_ADDRESS, CONFIG_BIT, CONFIG_BIT_STATE, CONFIG_BUS) VALUES (4615, null, 1, 0, 1);
INSERT INTO BUSDATA_CONFIG (ID, CONFIG_ADDRESS, CONFIG_BIT, CONFIG_BIT_STATE, CONFIG_BUS) VALUES (4616, null, 1, 0, 1);
INSERT INTO BUSDATA_CONFIG (ID, CONFIG_ADDRESS, CONFIG_BIT, CONFIG_BIT_STATE, CONFIG_BUS) VALUES (4617, null, 1, 0, 1);
INSERT INTO BUSDATA_CONFIG (ID, CONFIG_ADDRESS, CONFIG_BIT, CONFIG_BIT_STATE, CONFIG_BUS) VALUES (4618, null, 1, 0, 1);
INSERT INTO BUSDATA_CONFIG (ID, CONFIG_ADDRESS, CONFIG_BIT, CONFIG_BIT_STATE, CONFIG_BUS) VALUES (4619, null, 1, 0, 1);
INSERT INTO BUSDATA_CONFIG (ID, CONFIG_ADDRESS, CONFIG_BIT, CONFIG_BIT_STATE, CONFIG_BUS) VALUES (4620, null, 1, 0, 1);
INSERT INTO BUSDATA_CONFIG (ID, CONFIG_ADDRESS, CONFIG_BIT, CONFIG_BIT_STATE, CONFIG_BUS) VALUES (4623, null, 1, 0, 1);
INSERT INTO BUSDATA_CONFIG (ID, CONFIG_ADDRESS, CONFIG_BIT, CONFIG_BIT_STATE, CONFIG_BUS) VALUES (4624, null, 1, 0, 1);
INSERT INTO BUSDATA_CONFIG (ID, CONFIG_ADDRESS, CONFIG_BIT, CONFIG_BIT_STATE, CONFIG_BUS) VALUES (4625, null, 1, 0, 1);
INSERT INTO BUSDATA_CONFIG (ID, CONFIG_ADDRESS, CONFIG_BIT, CONFIG_BIT_STATE, CONFIG_BUS) VALUES (4626, null, 1, 0, 1);
INSERT INTO BUSDATA_CONFIG (ID, CONFIG_ADDRESS, CONFIG_BIT, CONFIG_BIT_STATE, CONFIG_BUS) VALUES (4627, null, 1, 0, 1);
INSERT INTO BUSDATA_CONFIG (ID, CONFIG_ADDRESS, CONFIG_BIT, CONFIG_BIT_STATE, CONFIG_BUS) VALUES (4628, null, 1, 0, 1);
INSERT INTO BUSDATA_CONFIG (ID, CONFIG_ADDRESS, CONFIG_BIT, CONFIG_BIT_STATE, CONFIG_BUS) VALUES (4629, null, 1, 0, 1);
INSERT INTO BUSDATA_CONFIG (ID, CONFIG_ADDRESS, CONFIG_BIT, CONFIG_BIT_STATE, CONFIG_BUS) VALUES (4630, null, 1, 0, 1);
INSERT INTO BUSDATA_CONFIG (ID, CONFIG_ADDRESS, CONFIG_BIT, CONFIG_BIT_STATE, CONFIG_BUS) VALUES (4641, 12, 3, 1, 1);
INSERT INTO BUSDATA_CONFIG (ID, CONFIG_ADDRESS, CONFIG_BIT, CONFIG_BIT_STATE, CONFIG_BUS) VALUES (4642, 12, 3, 0, 1);
INSERT INTO BUSDATA_CONFIG (ID, CONFIG_ADDRESS, CONFIG_BIT, CONFIG_BIT_STATE, CONFIG_BUS) VALUES (4643, null, 1, 0, 1);
INSERT INTO BUSDATA_CONFIG (ID, CONFIG_ADDRESS, CONFIG_BIT, CONFIG_BIT_STATE, CONFIG_BUS) VALUES (4644, null, 1, 0, 1);
INSERT INTO BUSDATA_CONFIG (ID, CONFIG_ADDRESS, CONFIG_BIT, CONFIG_BIT_STATE, CONFIG_BUS) VALUES (4645, null, 1, 0, 1);
INSERT INTO BUSDATA_CONFIG (ID, CONFIG_ADDRESS, CONFIG_BIT, CONFIG_BIT_STATE, CONFIG_BUS) VALUES (4646, null, 1, 0, 1);
INSERT INTO BUSDATA_CONFIG (ID, CONFIG_ADDRESS, CONFIG_BIT, CONFIG_BIT_STATE, CONFIG_BUS) VALUES (4647, null, 1, 0, 1);
INSERT INTO BUSDATA_CONFIG (ID, CONFIG_ADDRESS, CONFIG_BIT, CONFIG_BIT_STATE, CONFIG_BUS) VALUES (4648, null, 1, 0, 1);
INSERT INTO BUSDATA_CONFIG (ID, CONFIG_ADDRESS, CONFIG_BIT, CONFIG_BIT_STATE, CONFIG_BUS) VALUES (4732, 56, 7, 1, 1);
INSERT INTO BUSDATA_CONFIG (ID, CONFIG_ADDRESS, CONFIG_BIT, CONFIG_BIT_STATE, CONFIG_BUS) VALUES (4734, 62, 2, 1, 1);
INSERT INTO BUSDATA_CONFIG (ID, CONFIG_ADDRESS, CONFIG_BIT, CONFIG_BIT_STATE, CONFIG_BUS) VALUES (4736, 62, 3, 1, 1);
INSERT INTO BUSDATA_CONFIG (ID, CONFIG_ADDRESS, CONFIG_BIT, CONFIG_BIT_STATE, CONFIG_BUS) VALUES (4738, 62, 4, 1, 1);
INSERT INTO BUSDATA_CONFIG (ID, CONFIG_ADDRESS, CONFIG_BIT, CONFIG_BIT_STATE, CONFIG_BUS) VALUES (4740, 56, 1, 1, 1);
INSERT INTO BUSDATA_CONFIG (ID, CONFIG_ADDRESS, CONFIG_BIT, CONFIG_BIT_STATE, CONFIG_BUS) VALUES (4750, 24, 4, 1, 1);
INSERT INTO BUSDATA_CONFIG (ID, CONFIG_ADDRESS, CONFIG_BIT, CONFIG_BIT_STATE, CONFIG_BUS) VALUES (4751, 24, 4, 0, 1);
INSERT INTO BUSDATA_CONFIG (ID, CONFIG_ADDRESS, CONFIG_BIT, CONFIG_BIT_STATE, CONFIG_BUS) VALUES (4752, 24, 6, 1, 1);
INSERT INTO BUSDATA_CONFIG (ID, CONFIG_ADDRESS, CONFIG_BIT, CONFIG_BIT_STATE, CONFIG_BUS) VALUES (4753, 24, 6, 0, 1);
INSERT INTO BUSDATA_CONFIG (ID, CONFIG_ADDRESS, CONFIG_BIT, CONFIG_BIT_STATE, CONFIG_BUS) VALUES (4754, 24, 6, 1, 1);
INSERT INTO BUSDATA_CONFIG (ID, CONFIG_ADDRESS, CONFIG_BIT, CONFIG_BIT_STATE, CONFIG_BUS) VALUES (4755, 24, 6, 0, 1);
INSERT INTO BUSDATA_CONFIG (ID, CONFIG_ADDRESS, CONFIG_BIT, CONFIG_BIT_STATE, CONFIG_BUS) VALUES (4756, 24, 5, 1, 1);
INSERT INTO BUSDATA_CONFIG (ID, CONFIG_ADDRESS, CONFIG_BIT, CONFIG_BIT_STATE, CONFIG_BUS) VALUES (4757, 24, 5, 0, 1);
INSERT INTO BUSDATA_CONFIG (ID, CONFIG_ADDRESS, CONFIG_BIT, CONFIG_BIT_STATE, CONFIG_BUS) VALUES (4758, 24, 4, 1, 1);
INSERT INTO BUSDATA_CONFIG (ID, CONFIG_ADDRESS, CONFIG_BIT, CONFIG_BIT_STATE, CONFIG_BUS) VALUES (4759, 24, 4, 0, 1);
INSERT INTO BUSDATA_CONFIG (ID, CONFIG_ADDRESS, CONFIG_BIT, CONFIG_BIT_STATE, CONFIG_BUS) VALUES (4778, 24, 1, 1, 1);
INSERT INTO BUSDATA_CONFIG (ID, CONFIG_ADDRESS, CONFIG_BIT, CONFIG_BIT_STATE, CONFIG_BUS) VALUES (5855, 1, 1, null, 1);
INSERT INTO BUSDATA_CONFIG (ID, CONFIG_ADDRESS, CONFIG_BIT, CONFIG_BIT_STATE, CONFIG_BUS) VALUES (5857, 1, 2, null, 1);
INSERT INTO BUSDATA_CONFIG (ID, CONFIG_ADDRESS, CONFIG_BIT, CONFIG_BIT_STATE, CONFIG_BUS) VALUES (5859, 1, 3, null, 1);
INSERT INTO BUSDATA_CONFIG (ID, CONFIG_ADDRESS, CONFIG_BIT, CONFIG_BIT_STATE, CONFIG_BUS) VALUES (5965, 1, 1, null, 1);
INSERT INTO BUSDATA_CONFIG (ID, CONFIG_ADDRESS, CONFIG_BIT, CONFIG_BIT_STATE, CONFIG_BUS) VALUES (5967, 1, 2, null, 1);
INSERT INTO BUSDATA_CONFIG (ID, CONFIG_ADDRESS, CONFIG_BIT, CONFIG_BIT_STATE, CONFIG_BUS) VALUES (5969, 1, 3, null, 1);
INSERT INTO BUSDATA_CONFIG (ID, CONFIG_ADDRESS, CONFIG_BIT, CONFIG_BIT_STATE, CONFIG_BUS) VALUES (5971, 1, 4, null, 1);
INSERT INTO BUSDATA_CONFIG (ID, CONFIG_ADDRESS, CONFIG_BIT, CONFIG_BIT_STATE, CONFIG_BUS) VALUES (6438, 62, 7, 1, 1);
INSERT INTO BUSDATA_CONFIG (ID, CONFIG_ADDRESS, CONFIG_BIT, CONFIG_BIT_STATE, CONFIG_BUS) VALUES (6440, 62, 8, 1, 1);


INSERT INTO CONSTRUCTION (ID, NAME) VALUES (1, 'Lissa');
INSERT INTO CONSTRUCTION (ID, NAME) VALUES (5831, 'A zu B');
INSERT INTO CONSTRUCTION (ID, NAME) VALUES (5931, 'Ring');

INSERT INTO DEVICE_INFO (ID, DEVICE_KEY, TYPE) VALUES (401, 'test', 1);
INSERT INTO DEVICE_INFO (ID, DEVICE_KEY, TYPE) VALUES (1731, '/dev/ttyUSB0', 0);

INSERT INTO EVENT_CONFIG (ID, STATEOFFCONFIG_ID, STATEONCONFIG_ID) VALUES (114, null, null);
INSERT INTO EVENT_CONFIG (ID, STATEOFFCONFIG_ID, STATEONCONFIG_ID) VALUES (116, null, null);
INSERT INTO EVENT_CONFIG (ID, STATEOFFCONFIG_ID, STATEONCONFIG_ID) VALUES (118, null, null);
INSERT INTO EVENT_CONFIG (ID, STATEOFFCONFIG_ID, STATEONCONFIG_ID) VALUES (120, null, null);
INSERT INTO EVENT_CONFIG (ID, STATEOFFCONFIG_ID, STATEONCONFIG_ID) VALUES (122, null, null);
INSERT INTO EVENT_CONFIG (ID, STATEOFFCONFIG_ID, STATEONCONFIG_ID) VALUES (124, null, null);
INSERT INTO EVENT_CONFIG (ID, STATEOFFCONFIG_ID, STATEONCONFIG_ID) VALUES (1401, null, null);
INSERT INTO EVENT_CONFIG (ID, STATEOFFCONFIG_ID, STATEONCONFIG_ID) VALUES (1403, null, null);
INSERT INTO EVENT_CONFIG (ID, STATEOFFCONFIG_ID, STATEONCONFIG_ID) VALUES (1405, null, null);
INSERT INTO EVENT_CONFIG (ID, STATEOFFCONFIG_ID, STATEONCONFIG_ID) VALUES (1407, null, null);
INSERT INTO EVENT_CONFIG (ID, STATEOFFCONFIG_ID, STATEONCONFIG_ID) VALUES (1414, null, null);
INSERT INTO EVENT_CONFIG (ID, STATEOFFCONFIG_ID, STATEONCONFIG_ID) VALUES (1416, null, null);
INSERT INTO EVENT_CONFIG (ID, STATEOFFCONFIG_ID, STATEONCONFIG_ID) VALUES (1428, null, null);
INSERT INTO EVENT_CONFIG (ID, STATEOFFCONFIG_ID, STATEONCONFIG_ID) VALUES (1430, null, null);
INSERT INTO EVENT_CONFIG (ID, STATEOFFCONFIG_ID, STATEONCONFIG_ID) VALUES (1432, null, null);
INSERT INTO EVENT_CONFIG (ID, STATEOFFCONFIG_ID, STATEONCONFIG_ID) VALUES (1434, null, null);
INSERT INTO EVENT_CONFIG (ID, STATEOFFCONFIG_ID, STATEONCONFIG_ID) VALUES (1436, null, null);
INSERT INTO EVENT_CONFIG (ID, STATEOFFCONFIG_ID, STATEONCONFIG_ID) VALUES (1444, null, null);
INSERT INTO EVENT_CONFIG (ID, STATEOFFCONFIG_ID, STATEONCONFIG_ID) VALUES (4777, null, null);

INSERT INTO GRID_POSITION (ID, X, Y, CONSTRUCTION_ID) VALUES (47, 1, 1, 1);
INSERT INTO GRID_POSITION (ID, X, Y, CONSTRUCTION_ID) VALUES (49, 2, 1, 1);
INSERT INTO GRID_POSITION (ID, X, Y, CONSTRUCTION_ID) VALUES (51, 2, 2, 1);
INSERT INTO GRID_POSITION (ID, X, Y, CONSTRUCTION_ID) VALUES (53, 2, 3, 1);
INSERT INTO GRID_POSITION (ID, X, Y, CONSTRUCTION_ID) VALUES (55, 3, 3, 1);
INSERT INTO GRID_POSITION (ID, X, Y, CONSTRUCTION_ID) VALUES (57, 3, 2, 1);
INSERT INTO GRID_POSITION (ID, X, Y, CONSTRUCTION_ID) VALUES (59, 3, 1, 1);
INSERT INTO GRID_POSITION (ID, X, Y, CONSTRUCTION_ID) VALUES (61, 6, 3, 1);
INSERT INTO GRID_POSITION (ID, X, Y, CONSTRUCTION_ID) VALUES (63, 6, 4, 1);
INSERT INTO GRID_POSITION (ID, X, Y, CONSTRUCTION_ID) VALUES (65, 3, 4, 1);
INSERT INTO GRID_POSITION (ID, X, Y, CONSTRUCTION_ID) VALUES (67, 2, 4, 1);
INSERT INTO GRID_POSITION (ID, X, Y, CONSTRUCTION_ID) VALUES (71, 3, 9, 1);
INSERT INTO GRID_POSITION (ID, X, Y, CONSTRUCTION_ID) VALUES (73, 4, 9, 1);
INSERT INTO GRID_POSITION (ID, X, Y, CONSTRUCTION_ID) VALUES (75, 4, 10, 1);
INSERT INTO GRID_POSITION (ID, X, Y, CONSTRUCTION_ID) VALUES (77, 3, 10, 1);
INSERT INTO GRID_POSITION (ID, X, Y, CONSTRUCTION_ID) VALUES (79, 3, 11, 1);
INSERT INTO GRID_POSITION (ID, X, Y, CONSTRUCTION_ID) VALUES (81, 2, 11, 1);
INSERT INTO GRID_POSITION (ID, X, Y, CONSTRUCTION_ID) VALUES (83, 2, 9, 1);
INSERT INTO GRID_POSITION (ID, X, Y, CONSTRUCTION_ID) VALUES (85, 1, 11, 1);
INSERT INTO GRID_POSITION (ID, X, Y, CONSTRUCTION_ID) VALUES (87, 1, 7, 1);
INSERT INTO GRID_POSITION (ID, X, Y, CONSTRUCTION_ID) VALUES (91, 5, 9, 1);
INSERT INTO GRID_POSITION (ID, X, Y, CONSTRUCTION_ID) VALUES (93, 5, 10, 1);
INSERT INTO GRID_POSITION (ID, X, Y, CONSTRUCTION_ID) VALUES (95, 5, 11, 1);
INSERT INTO GRID_POSITION (ID, X, Y, CONSTRUCTION_ID) VALUES (97, 4, 11, 1);
INSERT INTO GRID_POSITION (ID, X, Y, CONSTRUCTION_ID) VALUES (99, 2, 12, 1);
INSERT INTO GRID_POSITION (ID, X, Y, CONSTRUCTION_ID) VALUES (101, 3, 12, 1);
INSERT INTO GRID_POSITION (ID, X, Y, CONSTRUCTION_ID) VALUES (103, 4, 12, 1);
INSERT INTO GRID_POSITION (ID, X, Y, CONSTRUCTION_ID) VALUES (105, 5, 12, 1);
INSERT INTO GRID_POSITION (ID, X, Y, CONSTRUCTION_ID) VALUES (127, 6, 9, 1);
INSERT INTO GRID_POSITION (ID, X, Y, CONSTRUCTION_ID) VALUES (129, 6, 10, 1);
INSERT INTO GRID_POSITION (ID, X, Y, CONSTRUCTION_ID) VALUES (131, 6, 11, 1);
INSERT INTO GRID_POSITION (ID, X, Y, CONSTRUCTION_ID) VALUES (133, 11, 12, 1);
INSERT INTO GRID_POSITION (ID, X, Y, CONSTRUCTION_ID) VALUES (642, 10, 11, 1);
INSERT INTO GRID_POSITION (ID, X, Y, CONSTRUCTION_ID) VALUES (644, 11, 11, 1);
INSERT INTO GRID_POSITION (ID, X, Y, CONSTRUCTION_ID) VALUES (646, 6, 12, 1);
INSERT INTO GRID_POSITION (ID, X, Y, CONSTRUCTION_ID) VALUES (648, 7, 12, 1);
INSERT INTO GRID_POSITION (ID, X, Y, CONSTRUCTION_ID) VALUES (650, 8, 12, 1);
INSERT INTO GRID_POSITION (ID, X, Y, CONSTRUCTION_ID) VALUES (652, 10, 12, 1);
INSERT INTO GRID_POSITION (ID, X, Y, CONSTRUCTION_ID) VALUES (654, 9, 12, 1);
INSERT INTO GRID_POSITION (ID, X, Y, CONSTRUCTION_ID) VALUES (1268, 15, 11, 1);
INSERT INTO GRID_POSITION (ID, X, Y, CONSTRUCTION_ID) VALUES (1270, 15, 12, 1);
INSERT INTO GRID_POSITION (ID, X, Y, CONSTRUCTION_ID) VALUES (1272, 16, 11, 1);
INSERT INTO GRID_POSITION (ID, X, Y, CONSTRUCTION_ID) VALUES (1274, 16, 12, 1);
INSERT INTO GRID_POSITION (ID, X, Y, CONSTRUCTION_ID) VALUES (1276, 15, 9, 1);
INSERT INTO GRID_POSITION (ID, X, Y, CONSTRUCTION_ID) VALUES (1278, 15, 10, 1);
INSERT INTO GRID_POSITION (ID, X, Y, CONSTRUCTION_ID) VALUES (1280, 17, 11, 1);
INSERT INTO GRID_POSITION (ID, X, Y, CONSTRUCTION_ID) VALUES (1282, 17, 10, 1);
INSERT INTO GRID_POSITION (ID, X, Y, CONSTRUCTION_ID) VALUES (1284, 18, 10, 1);
INSERT INTO GRID_POSITION (ID, X, Y, CONSTRUCTION_ID) VALUES (1286, 16, 10, 1);
INSERT INTO GRID_POSITION (ID, X, Y, CONSTRUCTION_ID) VALUES (1288, 16, 9, 1);
INSERT INTO GRID_POSITION (ID, X, Y, CONSTRUCTION_ID) VALUES (1290, 18, 11, 1);
INSERT INTO GRID_POSITION (ID, X, Y, CONSTRUCTION_ID) VALUES (1294, 19, 4, 1);
INSERT INTO GRID_POSITION (ID, X, Y, CONSTRUCTION_ID) VALUES (1296, 25, 10, 1);
INSERT INTO GRID_POSITION (ID, X, Y, CONSTRUCTION_ID) VALUES (1298, 26, 11, 1);
INSERT INTO GRID_POSITION (ID, X, Y, CONSTRUCTION_ID) VALUES (1300, 20, 11, 1);
INSERT INTO GRID_POSITION (ID, X, Y, CONSTRUCTION_ID) VALUES (1302, 19, 11, 1);
INSERT INTO GRID_POSITION (ID, X, Y, CONSTRUCTION_ID) VALUES (1304, 14, 10, 1);
INSERT INTO GRID_POSITION (ID, X, Y, CONSTRUCTION_ID) VALUES (1306, 14, 9, 1);
INSERT INTO GRID_POSITION (ID, X, Y, CONSTRUCTION_ID) VALUES (1308, 13, 9, 1);
INSERT INTO GRID_POSITION (ID, X, Y, CONSTRUCTION_ID) VALUES (1310, 13, 10, 1);
INSERT INTO GRID_POSITION (ID, X, Y, CONSTRUCTION_ID) VALUES (1312, 25, 4, 1);
INSERT INTO GRID_POSITION (ID, X, Y, CONSTRUCTION_ID) VALUES (1314, 25, 9, 1);
INSERT INTO GRID_POSITION (ID, X, Y, CONSTRUCTION_ID) VALUES (1316, 26, 5, 1);
INSERT INTO GRID_POSITION (ID, X, Y, CONSTRUCTION_ID) VALUES (1324, 18, 2, 1);
INSERT INTO GRID_POSITION (ID, X, Y, CONSTRUCTION_ID) VALUES (1326, 19, 2, 1);
INSERT INTO GRID_POSITION (ID, X, Y, CONSTRUCTION_ID) VALUES (1328, 20, 2, 1);
INSERT INTO GRID_POSITION (ID, X, Y, CONSTRUCTION_ID) VALUES (1330, 26, 2, 1);
INSERT INTO GRID_POSITION (ID, X, Y, CONSTRUCTION_ID) VALUES (1332, 26, 3, 1);
INSERT INTO GRID_POSITION (ID, X, Y, CONSTRUCTION_ID) VALUES (1334, 10, 4, 1);
INSERT INTO GRID_POSITION (ID, X, Y, CONSTRUCTION_ID) VALUES (1336, 9, 2, 1);
INSERT INTO GRID_POSITION (ID, X, Y, CONSTRUCTION_ID) VALUES (1338, 10, 2, 1);
INSERT INTO GRID_POSITION (ID, X, Y, CONSTRUCTION_ID) VALUES (1340, 11, 4, 1);
INSERT INTO GRID_POSITION (ID, X, Y, CONSTRUCTION_ID) VALUES (1344, 16, 4, 1);
INSERT INTO GRID_POSITION (ID, X, Y, CONSTRUCTION_ID) VALUES (1348, 15, 4, 1);
INSERT INTO GRID_POSITION (ID, X, Y, CONSTRUCTION_ID) VALUES (1352, 17, 4, 1);
INSERT INTO GRID_POSITION (ID, X, Y, CONSTRUCTION_ID) VALUES (1354, 18, 4, 1);
INSERT INTO GRID_POSITION (ID, X, Y, CONSTRUCTION_ID) VALUES (1356, 17, 2, 1);
INSERT INTO GRID_POSITION (ID, X, Y, CONSTRUCTION_ID) VALUES (1366, 15, 2, 1);
INSERT INTO GRID_POSITION (ID, X, Y, CONSTRUCTION_ID) VALUES (1368, 16, 2, 1);
INSERT INTO GRID_POSITION (ID, X, Y, CONSTRUCTION_ID) VALUES (1370, 9, 1, 1);
INSERT INTO GRID_POSITION (ID, X, Y, CONSTRUCTION_ID) VALUES (1372, 10, 3, 1);
INSERT INTO GRID_POSITION (ID, X, Y, CONSTRUCTION_ID) VALUES (1374, 8, 2, 1);
INSERT INTO GRID_POSITION (ID, X, Y, CONSTRUCTION_ID) VALUES (1376, 8, 1, 1);
INSERT INTO GRID_POSITION (ID, X, Y, CONSTRUCTION_ID) VALUES (1378, 4, 3, 1);
INSERT INTO GRID_POSITION (ID, X, Y, CONSTRUCTION_ID) VALUES (1380, 4, 4, 1);
INSERT INTO GRID_POSITION (ID, X, Y, CONSTRUCTION_ID) VALUES (1382, 5, 4, 1);
INSERT INTO GRID_POSITION (ID, X, Y, CONSTRUCTION_ID) VALUES (1384, 5, 3, 1);
INSERT INTO GRID_POSITION (ID, X, Y, CONSTRUCTION_ID) VALUES (1386, 7, 2, 1);
INSERT INTO GRID_POSITION (ID, X, Y, CONSTRUCTION_ID) VALUES (1388, 7, 1, 1);
INSERT INTO GRID_POSITION (ID, X, Y, CONSTRUCTION_ID) VALUES (1390, 10, 10, 1);
INSERT INTO GRID_POSITION (ID, X, Y, CONSTRUCTION_ID) VALUES (1392, 11, 10, 1);
INSERT INTO GRID_POSITION (ID, X, Y, CONSTRUCTION_ID) VALUES (1394, 12, 10, 1);
INSERT INTO GRID_POSITION (ID, X, Y, CONSTRUCTION_ID) VALUES (1396, 11, 9, 1);
INSERT INTO GRID_POSITION (ID, X, Y, CONSTRUCTION_ID) VALUES (1398, 12, 9, 1);
INSERT INTO GRID_POSITION (ID, X, Y, CONSTRUCTION_ID) VALUES (1400, 10, 9, 1);
INSERT INTO GRID_POSITION (ID, X, Y, CONSTRUCTION_ID) VALUES (2436, 12, 2, 1);
INSERT INTO GRID_POSITION (ID, X, Y, CONSTRUCTION_ID) VALUES (2438, 25, 5, 1);
INSERT INTO GRID_POSITION (ID, X, Y, CONSTRUCTION_ID) VALUES (2440, 12, 4, 1);
INSERT INTO GRID_POSITION (ID, X, Y, CONSTRUCTION_ID) VALUES (2442, 13, 4, 1);
INSERT INTO GRID_POSITION (ID, X, Y, CONSTRUCTION_ID) VALUES (2444, 14, 4, 1);
INSERT INTO GRID_POSITION (ID, X, Y, CONSTRUCTION_ID) VALUES (2742, 11, 2, 1);
INSERT INTO GRID_POSITION (ID, X, Y, CONSTRUCTION_ID) VALUES (3040, 1, 10, 1);
INSERT INTO GRID_POSITION (ID, X, Y, CONSTRUCTION_ID) VALUES (3042, 19, 10, 1);
INSERT INTO GRID_POSITION (ID, X, Y, CONSTRUCTION_ID) VALUES (3044, 1, 6, 1);
INSERT INTO GRID_POSITION (ID, X, Y, CONSTRUCTION_ID) VALUES (3046, 1, 5, 1);
INSERT INTO GRID_POSITION (ID, X, Y, CONSTRUCTION_ID) VALUES (3048, 1, 2, 1);
INSERT INTO GRID_POSITION (ID, X, Y, CONSTRUCTION_ID) VALUES (4476, 1, 4, 1);
INSERT INTO GRID_POSITION (ID, X, Y, CONSTRUCTION_ID) VALUES (4478, 1, 3, 1);
INSERT INTO GRID_POSITION (ID, X, Y, CONSTRUCTION_ID) VALUES (4480, 2, 7, 1);
INSERT INTO GRID_POSITION (ID, X, Y, CONSTRUCTION_ID) VALUES (4482, 2, 8, 1);
INSERT INTO GRID_POSITION (ID, X, Y, CONSTRUCTION_ID) VALUES (4484, 18, 9, 1);
INSERT INTO GRID_POSITION (ID, X, Y, CONSTRUCTION_ID) VALUES (4486, 19, 9, 1);
INSERT INTO GRID_POSITION (ID, X, Y, CONSTRUCTION_ID) VALUES (4488, 17, 9, 1);
INSERT INTO GRID_POSITION (ID, X, Y, CONSTRUCTION_ID) VALUES (4490, 20, 9, 1);
INSERT INTO GRID_POSITION (ID, X, Y, CONSTRUCTION_ID) VALUES (4492, 20, 10, 1);
INSERT INTO GRID_POSITION (ID, X, Y, CONSTRUCTION_ID) VALUES (4564, 23, 9, 1);
INSERT INTO GRID_POSITION (ID, X, Y, CONSTRUCTION_ID) VALUES (4566, 23, 8, 1);
INSERT INTO GRID_POSITION (ID, X, Y, CONSTRUCTION_ID) VALUES (4568, 23, 7, 1);
INSERT INTO GRID_POSITION (ID, X, Y, CONSTRUCTION_ID) VALUES (4570, 22, 7, 1);
INSERT INTO GRID_POSITION (ID, X, Y, CONSTRUCTION_ID) VALUES (4572, 21, 7, 1);
INSERT INTO GRID_POSITION (ID, X, Y, CONSTRUCTION_ID) VALUES (4574, 18, 7, 1);
INSERT INTO GRID_POSITION (ID, X, Y, CONSTRUCTION_ID) VALUES (4576, 17, 7, 1);
INSERT INTO GRID_POSITION (ID, X, Y, CONSTRUCTION_ID) VALUES (4578, 16, 7, 1);
INSERT INTO GRID_POSITION (ID, X, Y, CONSTRUCTION_ID) VALUES (4580, 15, 7, 1);
INSERT INTO GRID_POSITION (ID, X, Y, CONSTRUCTION_ID) VALUES (4582, 14, 7, 1);
INSERT INTO GRID_POSITION (ID, X, Y, CONSTRUCTION_ID) VALUES (4584, 14, 6, 1);
INSERT INTO GRID_POSITION (ID, X, Y, CONSTRUCTION_ID) VALUES (4586, 15, 6, 1);
INSERT INTO GRID_POSITION (ID, X, Y, CONSTRUCTION_ID) VALUES (4588, 10, 6, 1);
INSERT INTO GRID_POSITION (ID, X, Y, CONSTRUCTION_ID) VALUES (4590, 10, 7, 1);
INSERT INTO GRID_POSITION (ID, X, Y, CONSTRUCTION_ID) VALUES (4592, 24, 10, 1);
INSERT INTO GRID_POSITION (ID, X, Y, CONSTRUCTION_ID) VALUES (4594, 23, 10, 1);
INSERT INTO GRID_POSITION (ID, X, Y, CONSTRUCTION_ID) VALUES (4596, 21, 11, 1);
INSERT INTO GRID_POSITION (ID, X, Y, CONSTRUCTION_ID) VALUES (4598, 22, 11, 1);
INSERT INTO GRID_POSITION (ID, X, Y, CONSTRUCTION_ID) VALUES (4600, 23, 11, 1);
INSERT INTO GRID_POSITION (ID, X, Y, CONSTRUCTION_ID) VALUES (4602, 24, 11, 1);
INSERT INTO GRID_POSITION (ID, X, Y, CONSTRUCTION_ID) VALUES (4604, 25, 11, 1);
INSERT INTO GRID_POSITION (ID, X, Y, CONSTRUCTION_ID) VALUES (4606, 26, 4, 1);
INSERT INTO GRID_POSITION (ID, X, Y, CONSTRUCTION_ID) VALUES (4608, 26, 10, 1);
INSERT INTO GRID_POSITION (ID, X, Y, CONSTRUCTION_ID) VALUES (4610, 26, 9, 1);
INSERT INTO GRID_POSITION (ID, X, Y, CONSTRUCTION_ID) VALUES (4650, 21, 2, 1);
INSERT INTO GRID_POSITION (ID, X, Y, CONSTRUCTION_ID) VALUES (4652, 22, 2, 1);
INSERT INTO GRID_POSITION (ID, X, Y, CONSTRUCTION_ID) VALUES (4654, 23, 2, 1);
INSERT INTO GRID_POSITION (ID, X, Y, CONSTRUCTION_ID) VALUES (4656, 24, 2, 1);
INSERT INTO GRID_POSITION (ID, X, Y, CONSTRUCTION_ID) VALUES (4658, 25, 2, 1);
INSERT INTO GRID_POSITION (ID, X, Y, CONSTRUCTION_ID) VALUES (4660, 25, 8, 1);
INSERT INTO GRID_POSITION (ID, X, Y, CONSTRUCTION_ID) VALUES (4662, 20, 4, 1);
INSERT INTO GRID_POSITION (ID, X, Y, CONSTRUCTION_ID) VALUES (4664, 21, 4, 1);
INSERT INTO GRID_POSITION (ID, X, Y, CONSTRUCTION_ID) VALUES (4666, 22, 4, 1);
INSERT INTO GRID_POSITION (ID, X, Y, CONSTRUCTION_ID) VALUES (4668, 23, 4, 1);
INSERT INTO GRID_POSITION (ID, X, Y, CONSTRUCTION_ID) VALUES (4670, 24, 4, 1);
INSERT INTO GRID_POSITION (ID, X, Y, CONSTRUCTION_ID) VALUES (5833, 2, 3, 5831);
INSERT INTO GRID_POSITION (ID, X, Y, CONSTRUCTION_ID) VALUES (5835, 2, 5, 5831);
INSERT INTO GRID_POSITION (ID, X, Y, CONSTRUCTION_ID) VALUES (5837, 6, 5, 5831);
INSERT INTO GRID_POSITION (ID, X, Y, CONSTRUCTION_ID) VALUES (5839, 6, 4, 5831);
INSERT INTO GRID_POSITION (ID, X, Y, CONSTRUCTION_ID) VALUES (5841, 6, 3, 5831);
INSERT INTO GRID_POSITION (ID, X, Y, CONSTRUCTION_ID) VALUES (5843, 7, 5, 5831);
INSERT INTO GRID_POSITION (ID, X, Y, CONSTRUCTION_ID) VALUES (5845, 8, 5, 5831);
INSERT INTO GRID_POSITION (ID, X, Y, CONSTRUCTION_ID) VALUES (5847, 9, 5, 5831);
INSERT INTO GRID_POSITION (ID, X, Y, CONSTRUCTION_ID) VALUES (5849, 10, 5, 5831);
INSERT INTO GRID_POSITION (ID, X, Y, CONSTRUCTION_ID) VALUES (5851, 11, 5, 5831);
INSERT INTO GRID_POSITION (ID, X, Y, CONSTRUCTION_ID) VALUES (5853, 12, 5, 5831);
INSERT INTO GRID_POSITION (ID, X, Y, CONSTRUCTION_ID) VALUES (5933, 2, 4, 5931);
INSERT INTO GRID_POSITION (ID, X, Y, CONSTRUCTION_ID) VALUES (5935, 2, 3, 5931);
INSERT INTO GRID_POSITION (ID, X, Y, CONSTRUCTION_ID) VALUES (5937, 2, 2, 5931);
INSERT INTO GRID_POSITION (ID, X, Y, CONSTRUCTION_ID) VALUES (5939, 3, 2, 5931);
INSERT INTO GRID_POSITION (ID, X, Y, CONSTRUCTION_ID) VALUES (5941, 4, 2, 5931);
INSERT INTO GRID_POSITION (ID, X, Y, CONSTRUCTION_ID) VALUES (5943, 2, 8, 5931);
INSERT INTO GRID_POSITION (ID, X, Y, CONSTRUCTION_ID) VALUES (5945, 2, 9, 5931);
INSERT INTO GRID_POSITION (ID, X, Y, CONSTRUCTION_ID) VALUES (5947, 3, 9, 5931);
INSERT INTO GRID_POSITION (ID, X, Y, CONSTRUCTION_ID) VALUES (5949, 4, 9, 5931);
INSERT INTO GRID_POSITION (ID, X, Y, CONSTRUCTION_ID) VALUES (5951, 8, 2, 5931);
INSERT INTO GRID_POSITION (ID, X, Y, CONSTRUCTION_ID) VALUES (5953, 8, 9, 5931);
INSERT INTO GRID_POSITION (ID, X, Y, CONSTRUCTION_ID) VALUES (5955, 9, 2, 5931);
INSERT INTO GRID_POSITION (ID, X, Y, CONSTRUCTION_ID) VALUES (5957, 9, 9, 5931);
INSERT INTO GRID_POSITION (ID, X, Y, CONSTRUCTION_ID) VALUES (5959, 9, 8, 5931);
INSERT INTO GRID_POSITION (ID, X, Y, CONSTRUCTION_ID) VALUES (5961, 9, 4, 5931);
INSERT INTO GRID_POSITION (ID, X, Y, CONSTRUCTION_ID) VALUES (5963, 9, 3, 5931);
INSERT INTO GRID_POSITION (ID, X, Y, CONSTRUCTION_ID) VALUES (6432, 18, 13, 1);
INSERT INTO GRID_POSITION (ID, X, Y, CONSTRUCTION_ID) VALUES (6434, 21, 13, 1);
INSERT INTO GRID_POSITION (ID, X, Y, CONSTRUCTION_ID) VALUES (6436, 23, 13, 1);
INSERT INTO GRID_POSITION (ID, X, Y, CONSTRUCTION_ID) VALUES (6443, 22, 13, 1);


INSERT INTO STATION (ID, NAME) VALUES (3139, 'Lissa');
INSERT INTO STATION (ID, NAME) VALUES (3144, 'Dresden');
INSERT INTO STATION (ID, NAME) VALUES (3146, 'Leipzig');
INSERT INTO STATION (ID, NAME) VALUES (3148, 'Berlin');
INSERT INTO STATION (ID, NAME) VALUES (3150, 'Rostock');
INSERT INTO STATION (ID, NAME) VALUES (4741, 'Chemnitz');

INSERT INTO STATION_PLATFORM (ID, NAME, STATION_ID) VALUES (3140, '1', 3139);
INSERT INTO STATION_PLATFORM (ID, NAME, STATION_ID) VALUES (3141, '2', 3139);
INSERT INTO STATION_PLATFORM (ID, NAME, STATION_ID) VALUES (3142, '3', 3139);
INSERT INTO STATION_PLATFORM (ID, NAME, STATION_ID) VALUES (3143, '4', 3139);
INSERT INTO STATION_PLATFORM (ID, NAME, STATION_ID) VALUES (3145, '12', 3144);
INSERT INTO STATION_PLATFORM (ID, NAME, STATION_ID) VALUES (3147, '6', 3146);
INSERT INTO STATION_PLATFORM (ID, NAME, STATION_ID) VALUES (3149, '9', 3148);
INSERT INTO STATION_PLATFORM (ID, NAME, STATION_ID) VALUES (3151, '4', 3150);
INSERT INTO STATION_PLATFORM (ID, NAME, STATION_ID) VALUES (4742, '1', 4741);
INSERT INTO STATION_PLATFORM (ID, NAME, STATION_ID) VALUES (4743, '2', 4741);


INSERT INTO TRAIN (ID, ADDRESS, NAME) VALUES (134, 13, 'BR 140 Taiga');
INSERT INTO TRAIN (ID, ADDRESS, NAME) VALUES (1446, 15, 'BR 243');
INSERT INTO TRAIN (ID, ADDRESS, NAME) VALUES (1447, 25, 'VT 18.16');
INSERT INTO TRAIN (ID, ADDRESS, NAME) VALUES (1448, 34, 'BR 131 020-03');
INSERT INTO TRAIN (ID, ADDRESS, NAME) VALUES (3231, 19, 'BR 183');
INSERT INTO TRAIN (ID, ADDRESS, NAME) VALUES (6331, 38, 'MAN SWEG');


INSERT INTO TRACK_BLOCK (ID, BACKWARDTARGETDRIVINGLEVEL, DRIVINGLEVELADJUSTTYPE, FORWARDTARGETDRIVINGLEVEL, NAME, BLOCKFUNCTION_ID, CONSTRUCTION_ID, FEEDBACK) VALUES (601, null, 0, null, 'sbf g1', 602, 1, 1);
INSERT INTO TRACK_BLOCK (ID, BACKWARDTARGETDRIVINGLEVEL, DRIVINGLEVELADJUSTTYPE, FORWARDTARGETDRIVINGLEVEL, NAME, BLOCKFUNCTION_ID, CONSTRUCTION_ID, FEEDBACK) VALUES (603, null, 0, null, 'sbf g2', 604, 1, 1);
INSERT INTO TRACK_BLOCK (ID, BACKWARDTARGETDRIVINGLEVEL, DRIVINGLEVELADJUSTTYPE, FORWARDTARGETDRIVINGLEVEL, NAME, BLOCKFUNCTION_ID, CONSTRUCTION_ID, FEEDBACK) VALUES (605, null, 0, null, 'sbf g3', 606, 1, 0);
INSERT INTO TRACK_BLOCK (ID, BACKWARDTARGETDRIVINGLEVEL, DRIVINGLEVELADJUSTTYPE, FORWARDTARGETDRIVINGLEVEL, NAME, BLOCKFUNCTION_ID, CONSTRUCTION_ID, FEEDBACK) VALUES (607, null, 0, null, 'sbf g4', 608, 1, 0);
INSERT INTO TRACK_BLOCK (ID, BACKWARDTARGETDRIVINGLEVEL, DRIVINGLEVELADJUSTTYPE, FORWARDTARGETDRIVINGLEVEL, NAME, BLOCKFUNCTION_ID, CONSTRUCTION_ID, FEEDBACK) VALUES (609, null, 0, null, 'hbf g1 - ost - m', 610, 1, 0);
INSERT INTO TRACK_BLOCK (ID, BACKWARDTARGETDRIVINGLEVEL, DRIVINGLEVELADJUSTTYPE, FORWARDTARGETDRIVINGLEVEL, NAME, BLOCKFUNCTION_ID, CONSTRUCTION_ID, FEEDBACK) VALUES (611, null, 0, null, 'hbf g2 - west - m', 612, 1, 0);
INSERT INTO TRACK_BLOCK (ID, BACKWARDTARGETDRIVINGLEVEL, DRIVINGLEVELADJUSTTYPE, FORWARDTARGETDRIVINGLEVEL, NAME, BLOCKFUNCTION_ID, CONSTRUCTION_ID, FEEDBACK) VALUES (613, null, 0, null, 'hbf g2 - west - l', 614, 1, 0);
INSERT INTO TRACK_BLOCK (ID, BACKWARDTARGETDRIVINGLEVEL, DRIVINGLEVELADJUSTTYPE, FORWARDTARGETDRIVINGLEVEL, NAME, BLOCKFUNCTION_ID, CONSTRUCTION_ID, FEEDBACK) VALUES (615, null, 0, null, 'hbf g2 - ost - m', 616, 1, 1);
INSERT INTO TRACK_BLOCK (ID, BACKWARDTARGETDRIVINGLEVEL, DRIVINGLEVELADJUSTTYPE, FORWARDTARGETDRIVINGLEVEL, NAME, BLOCKFUNCTION_ID, CONSTRUCTION_ID, FEEDBACK) VALUES (617, null, 0, null, 'hbf g3 - west - m', 618, 1, 0);
INSERT INTO TRACK_BLOCK (ID, BACKWARDTARGETDRIVINGLEVEL, DRIVINGLEVELADJUSTTYPE, FORWARDTARGETDRIVINGLEVEL, NAME, BLOCKFUNCTION_ID, CONSTRUCTION_ID, FEEDBACK) VALUES (619, null, 0, null, 'hbf g3 - west - l', 620, 1, 0);
INSERT INTO TRACK_BLOCK (ID, BACKWARDTARGETDRIVINGLEVEL, DRIVINGLEVELADJUSTTYPE, FORWARDTARGETDRIVINGLEVEL, NAME, BLOCKFUNCTION_ID, CONSTRUCTION_ID, FEEDBACK) VALUES (621, null, 0, null, 'hbf g4 - west - m', 622, 1, 0);
INSERT INTO TRACK_BLOCK (ID, BACKWARDTARGETDRIVINGLEVEL, DRIVINGLEVELADJUSTTYPE, FORWARDTARGETDRIVINGLEVEL, NAME, BLOCKFUNCTION_ID, CONSTRUCTION_ID, FEEDBACK) VALUES (623, null, 0, null, 'hbf g4 - west - l', 624, 1, 0);
INSERT INTO TRACK_BLOCK (ID, BACKWARDTARGETDRIVINGLEVEL, DRIVINGLEVELADJUSTTYPE, FORWARDTARGETDRIVINGLEVEL, NAME, BLOCKFUNCTION_ID, CONSTRUCTION_ID, FEEDBACK) VALUES (1438, null, 0, null, 'hbf g1 - ost - r', 1439, 1, 0);
INSERT INTO TRACK_BLOCK (ID, BACKWARDTARGETDRIVINGLEVEL, DRIVINGLEVELADJUSTTYPE, FORWARDTARGETDRIVINGLEVEL, NAME, BLOCKFUNCTION_ID, CONSTRUCTION_ID, FEEDBACK) VALUES (1440, null, 0, null, 'hbf g2 - ost - r', 1441, 1, 0);
INSERT INTO TRACK_BLOCK (ID, BACKWARDTARGETDRIVINGLEVEL, DRIVINGLEVELADJUSTTYPE, FORWARDTARGETDRIVINGLEVEL, NAME, BLOCKFUNCTION_ID, CONSTRUCTION_ID, FEEDBACK) VALUES (1442, 18, 2, 18, 'sbf - einfahrt - ost', 1443, 1, 0);
INSERT INTO TRACK_BLOCK (ID, BACKWARDTARGETDRIVINGLEVEL, DRIVINGLEVELADJUSTTYPE, FORWARDTARGETDRIVINGLEVEL, NAME, BLOCKFUNCTION_ID, CONSTRUCTION_ID, FEEDBACK) VALUES (2331, 13, 2, 13, 'hbf - ost - einfahrt', 2332, 1, 0);
INSERT INTO TRACK_BLOCK (ID, BACKWARDTARGETDRIVINGLEVEL, DRIVINGLEVELADJUSTTYPE, FORWARDTARGETDRIVINGLEVEL, NAME, BLOCKFUNCTION_ID, CONSTRUCTION_ID, FEEDBACK) VALUES (2333, null, 0, null, 'hbf - ost - ausfahrt', 2334, 1, 0);
INSERT INTO TRACK_BLOCK (ID, BACKWARDTARGETDRIVINGLEVEL, DRIVINGLEVELADJUSTTYPE, FORWARDTARGETDRIVINGLEVEL, NAME, BLOCKFUNCTION_ID, CONSTRUCTION_ID, FEEDBACK) VALUES (3031, 18, 2, 18, 'sbf - west - einfahrt', 3032, 1, 0);
INSERT INTO TRACK_BLOCK (ID, BACKWARDTARGETDRIVINGLEVEL, DRIVINGLEVELADJUSTTYPE, FORWARDTARGETDRIVINGLEVEL, NAME, BLOCKFUNCTION_ID, CONSTRUCTION_ID, FEEDBACK) VALUES (3033, 13, 1, 13, 'hbf - west - einfahrt', 3034, 1, 0);
INSERT INTO TRACK_BLOCK (ID, BACKWARDTARGETDRIVINGLEVEL, DRIVINGLEVELADJUSTTYPE, FORWARDTARGETDRIVINGLEVEL, NAME, BLOCKFUNCTION_ID, CONSTRUCTION_ID, FEEDBACK) VALUES (4731, 13, 2, 13, 'hbf - ost - neben - einfahrt', 4732, 1, 0);
INSERT INTO TRACK_BLOCK (ID, BACKWARDTARGETDRIVINGLEVEL, DRIVINGLEVELADJUSTTYPE, FORWARDTARGETDRIVINGLEVEL, NAME, BLOCKFUNCTION_ID, CONSTRUCTION_ID, FEEDBACK) VALUES (4733, null, 0, null, 'hbf - ost - neben - ausfahrt', 4734, 1, 0);
INSERT INTO TRACK_BLOCK (ID, BACKWARDTARGETDRIVINGLEVEL, DRIVINGLEVELADJUSTTYPE, FORWARDTARGETDRIVINGLEVEL, NAME, BLOCKFUNCTION_ID, CONSTRUCTION_ID, FEEDBACK) VALUES (4735, null, 0, null, 'neben g1', 4736, 1, 0);
INSERT INTO TRACK_BLOCK (ID, BACKWARDTARGETDRIVINGLEVEL, DRIVINGLEVELADJUSTTYPE, FORWARDTARGETDRIVINGLEVEL, NAME, BLOCKFUNCTION_ID, CONSTRUCTION_ID, FEEDBACK) VALUES (4737, null, 0, null, 'neben g2', 4738, 1, 0);
INSERT INTO TRACK_BLOCK (ID, BACKWARDTARGETDRIVINGLEVEL, DRIVINGLEVELADJUSTTYPE, FORWARDTARGETDRIVINGLEVEL, NAME, BLOCKFUNCTION_ID, CONSTRUCTION_ID, FEEDBACK) VALUES (4739, null, 0, null, 'sbf - ausfahrt - ost', 4740, 1, 0);
INSERT INTO TRACK_BLOCK (ID, BACKWARDTARGETDRIVINGLEVEL, DRIVINGLEVELADJUSTTYPE, FORWARDTARGETDRIVINGLEVEL, NAME, BLOCKFUNCTION_ID, CONSTRUCTION_ID, FEEDBACK) VALUES (5854, null, 0, null, 'A', 5855, 5831, 0);
INSERT INTO TRACK_BLOCK (ID, BACKWARDTARGETDRIVINGLEVEL, DRIVINGLEVELADJUSTTYPE, FORWARDTARGETDRIVINGLEVEL, NAME, BLOCKFUNCTION_ID, CONSTRUCTION_ID, FEEDBACK) VALUES (5856, null, 0, null, 'B', 5857, 5831, 0);
INSERT INTO TRACK_BLOCK (ID, BACKWARDTARGETDRIVINGLEVEL, DRIVINGLEVELADJUSTTYPE, FORWARDTARGETDRIVINGLEVEL, NAME, BLOCKFUNCTION_ID, CONSTRUCTION_ID, FEEDBACK) VALUES (5858, null, 0, null, 'C', 5859, 5831, 0);
INSERT INTO TRACK_BLOCK (ID, BACKWARDTARGETDRIVINGLEVEL, DRIVINGLEVELADJUSTTYPE, FORWARDTARGETDRIVINGLEVEL, NAME, BLOCKFUNCTION_ID, CONSTRUCTION_ID, FEEDBACK) VALUES (5964, null, 0, null, 'A', 5965, 5931, 0);
INSERT INTO TRACK_BLOCK (ID, BACKWARDTARGETDRIVINGLEVEL, DRIVINGLEVELADJUSTTYPE, FORWARDTARGETDRIVINGLEVEL, NAME, BLOCKFUNCTION_ID, CONSTRUCTION_ID, FEEDBACK) VALUES (5966, null, 0, null, 'B', 5967, 5931, 0);
INSERT INTO TRACK_BLOCK (ID, BACKWARDTARGETDRIVINGLEVEL, DRIVINGLEVELADJUSTTYPE, FORWARDTARGETDRIVINGLEVEL, NAME, BLOCKFUNCTION_ID, CONSTRUCTION_ID, FEEDBACK) VALUES (5968, null, 0, null, 'C', 5969, 5931, 0);
INSERT INTO TRACK_BLOCK (ID, BACKWARDTARGETDRIVINGLEVEL, DRIVINGLEVELADJUSTTYPE, FORWARDTARGETDRIVINGLEVEL, NAME, BLOCKFUNCTION_ID, CONSTRUCTION_ID, FEEDBACK) VALUES (5970, null, 0, null, 'D', 5971, 5931, 0);
INSERT INTO TRACK_BLOCK (ID, BACKWARDTARGETDRIVINGLEVEL, DRIVINGLEVELADJUSTTYPE, FORWARDTARGETDRIVINGLEVEL, NAME, BLOCKFUNCTION_ID, CONSTRUCTION_ID, FEEDBACK) VALUES (6437, null, 0, null, 'Burg Tunnel', 6438, 1, 0);
INSERT INTO TRACK_BLOCK (ID, BACKWARDTARGETDRIVINGLEVEL, DRIVINGLEVELADJUSTTYPE, FORWARDTARGETDRIVINGLEVEL, NAME, BLOCKFUNCTION_ID, CONSTRUCTION_ID, FEEDBACK) VALUES (6439, null, 0, null, 'Burg Bhf', 6440, 1, 0);


INSERT INTO TRACKPART_BLOCK_STRAIGHT (ID, CONSTRUCTION_ID, GRIDPOSITION_ID, DIRECTION, BLOCKLENGTH, LEFTTRACKBLOCK_ID, MIDDLETRACKBLOCK_ID, RIGHTTRACKBLOCK_ID) VALUES (56, 1, 57, 0, 4, null, 605, null);
INSERT INTO TRACKPART_BLOCK_STRAIGHT (ID, CONSTRUCTION_ID, GRIDPOSITION_ID, DIRECTION, BLOCKLENGTH, LEFTTRACKBLOCK_ID, MIDDLETRACKBLOCK_ID, RIGHTTRACKBLOCK_ID) VALUES (58, 1, 59, 0, 4, null, 607, null);
INSERT INTO TRACKPART_BLOCK_STRAIGHT (ID, CONSTRUCTION_ID, GRIDPOSITION_ID, DIRECTION, BLOCKLENGTH, LEFTTRACKBLOCK_ID, MIDDLETRACKBLOCK_ID, RIGHTTRACKBLOCK_ID) VALUES (60, 1, 61, 0, 4, null, 603, null);
INSERT INTO TRACKPART_BLOCK_STRAIGHT (ID, CONSTRUCTION_ID, GRIDPOSITION_ID, DIRECTION, BLOCKLENGTH, LEFTTRACKBLOCK_ID, MIDDLETRACKBLOCK_ID, RIGHTTRACKBLOCK_ID) VALUES (62, 1, 63, 0, 4, null, 601, null);
INSERT INTO TRACKPART_BLOCK_STRAIGHT (ID, CONSTRUCTION_ID, GRIDPOSITION_ID, DIRECTION, BLOCKLENGTH, LEFTTRACKBLOCK_ID, MIDDLETRACKBLOCK_ID, RIGHTTRACKBLOCK_ID) VALUES (66, 1, 67, 1, 3, null, 3031, null);
INSERT INTO TRACKPART_BLOCK_STRAIGHT (ID, CONSTRUCTION_ID, GRIDPOSITION_ID, DIRECTION, BLOCKLENGTH, LEFTTRACKBLOCK_ID, MIDDLETRACKBLOCK_ID, RIGHTTRACKBLOCK_ID) VALUES (86, 1, 87, 1, 3, null, 3033, null);
INSERT INTO TRACKPART_BLOCK_STRAIGHT (ID, CONSTRUCTION_ID, GRIDPOSITION_ID, DIRECTION, BLOCKLENGTH, LEFTTRACKBLOCK_ID, MIDDLETRACKBLOCK_ID, RIGHTTRACKBLOCK_ID) VALUES (126, 1, 127, 0, 4, 623, 621, null);
INSERT INTO TRACKPART_BLOCK_STRAIGHT (ID, CONSTRUCTION_ID, GRIDPOSITION_ID, DIRECTION, BLOCKLENGTH, LEFTTRACKBLOCK_ID, MIDDLETRACKBLOCK_ID, RIGHTTRACKBLOCK_ID) VALUES (128, 1, 129, 0, 4, 619, 617, null);
INSERT INTO TRACKPART_BLOCK_STRAIGHT (ID, CONSTRUCTION_ID, GRIDPOSITION_ID, DIRECTION, BLOCKLENGTH, LEFTTRACKBLOCK_ID, MIDDLETRACKBLOCK_ID, RIGHTTRACKBLOCK_ID) VALUES (130, 1, 131, 0, 4, 613, 611, null);
INSERT INTO TRACKPART_BLOCK_STRAIGHT (ID, CONSTRUCTION_ID, GRIDPOSITION_ID, DIRECTION, BLOCKLENGTH, LEFTTRACKBLOCK_ID, MIDDLETRACKBLOCK_ID, RIGHTTRACKBLOCK_ID) VALUES (132, 1, 133, 0, 4, null, 609, 1438);
INSERT INTO TRACKPART_BLOCK_STRAIGHT (ID, CONSTRUCTION_ID, GRIDPOSITION_ID, DIRECTION, BLOCKLENGTH, LEFTTRACKBLOCK_ID, MIDDLETRACKBLOCK_ID, RIGHTTRACKBLOCK_ID) VALUES (643, 1, 644, 0, 4, null, 615, 1440);
INSERT INTO TRACKPART_BLOCK_STRAIGHT (ID, CONSTRUCTION_ID, GRIDPOSITION_ID, DIRECTION, BLOCKLENGTH, LEFTTRACKBLOCK_ID, MIDDLETRACKBLOCK_ID, RIGHTTRACKBLOCK_ID) VALUES (1315, 1, 1316, 1, 4, null, 2333, null);
INSERT INTO TRACKPART_BLOCK_STRAIGHT (ID, CONSTRUCTION_ID, GRIDPOSITION_ID, DIRECTION, BLOCKLENGTH, LEFTTRACKBLOCK_ID, MIDDLETRACKBLOCK_ID, RIGHTTRACKBLOCK_ID) VALUES (2435, 1, 2436, 0, 3, null, 1442, null);
INSERT INTO TRACKPART_BLOCK_STRAIGHT (ID, CONSTRUCTION_ID, GRIDPOSITION_ID, DIRECTION, BLOCKLENGTH, LEFTTRACKBLOCK_ID, MIDDLETRACKBLOCK_ID, RIGHTTRACKBLOCK_ID) VALUES (2437, 1, 2438, 1, 3, null, 4739, null);
INSERT INTO TRACKPART_BLOCK_STRAIGHT (ID, CONSTRUCTION_ID, GRIDPOSITION_ID, DIRECTION, BLOCKLENGTH, LEFTTRACKBLOCK_ID, MIDDLETRACKBLOCK_ID, RIGHTTRACKBLOCK_ID) VALUES (4489, 1, 4490, 0, 3, null, 4731, null);
INSERT INTO TRACKPART_BLOCK_STRAIGHT (ID, CONSTRUCTION_ID, GRIDPOSITION_ID, DIRECTION, BLOCKLENGTH, LEFTTRACKBLOCK_ID, MIDDLETRACKBLOCK_ID, RIGHTTRACKBLOCK_ID) VALUES (4491, 1, 4492, 0, 3, null, 2331, null);
INSERT INTO TRACKPART_BLOCK_STRAIGHT (ID, CONSTRUCTION_ID, GRIDPOSITION_ID, DIRECTION, BLOCKLENGTH, LEFTTRACKBLOCK_ID, MIDDLETRACKBLOCK_ID, RIGHTTRACKBLOCK_ID) VALUES (4573, 1, 4574, 0, 3, null, 4733, null);
INSERT INTO TRACKPART_BLOCK_STRAIGHT (ID, CONSTRUCTION_ID, GRIDPOSITION_ID, DIRECTION, BLOCKLENGTH, LEFTTRACKBLOCK_ID, MIDDLETRACKBLOCK_ID, RIGHTTRACKBLOCK_ID) VALUES (4587, 1, 4588, 0, 4, null, 4735, null);
INSERT INTO TRACKPART_BLOCK_STRAIGHT (ID, CONSTRUCTION_ID, GRIDPOSITION_ID, DIRECTION, BLOCKLENGTH, LEFTTRACKBLOCK_ID, MIDDLETRACKBLOCK_ID, RIGHTTRACKBLOCK_ID) VALUES (4589, 1, 4590, 0, 4, null, 4737, null);
INSERT INTO TRACKPART_BLOCK_STRAIGHT (ID, CONSTRUCTION_ID, GRIDPOSITION_ID, DIRECTION, BLOCKLENGTH, LEFTTRACKBLOCK_ID, MIDDLETRACKBLOCK_ID, RIGHTTRACKBLOCK_ID) VALUES (5832, 5831, 5833, 0, 4, null, 5856, null);
INSERT INTO TRACKPART_BLOCK_STRAIGHT (ID, CONSTRUCTION_ID, GRIDPOSITION_ID, DIRECTION, BLOCKLENGTH, LEFTTRACKBLOCK_ID, MIDDLETRACKBLOCK_ID, RIGHTTRACKBLOCK_ID) VALUES (5834, 5831, 5835, 0, 4, null, 5858, null);
INSERT INTO TRACKPART_BLOCK_STRAIGHT (ID, CONSTRUCTION_ID, GRIDPOSITION_ID, DIRECTION, BLOCKLENGTH, LEFTTRACKBLOCK_ID, MIDDLETRACKBLOCK_ID, RIGHTTRACKBLOCK_ID) VALUES (5852, 5831, 5853, 0, 4, null, 5854, null);
INSERT INTO TRACKPART_BLOCK_STRAIGHT (ID, CONSTRUCTION_ID, GRIDPOSITION_ID, DIRECTION, BLOCKLENGTH, LEFTTRACKBLOCK_ID, MIDDLETRACKBLOCK_ID, RIGHTTRACKBLOCK_ID) VALUES (5932, 5931, 5933, 1, 4, null, 5970, null);
INSERT INTO TRACKPART_BLOCK_STRAIGHT (ID, CONSTRUCTION_ID, GRIDPOSITION_ID, DIRECTION, BLOCKLENGTH, LEFTTRACKBLOCK_ID, MIDDLETRACKBLOCK_ID, RIGHTTRACKBLOCK_ID) VALUES (5940, 5931, 5941, 0, 4, null, 5964, null);
INSERT INTO TRACKPART_BLOCK_STRAIGHT (ID, CONSTRUCTION_ID, GRIDPOSITION_ID, DIRECTION, BLOCKLENGTH, LEFTTRACKBLOCK_ID, MIDDLETRACKBLOCK_ID, RIGHTTRACKBLOCK_ID) VALUES (5948, 5931, 5949, 0, 4, null, 5968, null);
INSERT INTO TRACKPART_BLOCK_STRAIGHT (ID, CONSTRUCTION_ID, GRIDPOSITION_ID, DIRECTION, BLOCKLENGTH, LEFTTRACKBLOCK_ID, MIDDLETRACKBLOCK_ID, RIGHTTRACKBLOCK_ID) VALUES (5960, 5931, 5961, 1, 4, null, 5966, null);
INSERT INTO TRACKPART_BLOCK_STRAIGHT (ID, CONSTRUCTION_ID, GRIDPOSITION_ID, DIRECTION, BLOCKLENGTH, LEFTTRACKBLOCK_ID, MIDDLETRACKBLOCK_ID, RIGHTTRACKBLOCK_ID) VALUES (6431, 1, 6432, 0, 3, null, 6437, null);
INSERT INTO TRACKPART_BLOCK_STRAIGHT (ID, CONSTRUCTION_ID, GRIDPOSITION_ID, DIRECTION, BLOCKLENGTH, LEFTTRACKBLOCK_ID, MIDDLETRACKBLOCK_ID, RIGHTTRACKBLOCK_ID) VALUES (6435, 1, 6436, 0, 3, null, 6439, null);


INSERT INTO TRACKPART_CURVE (ID, CONSTRUCTION_ID, GRIDPOSITION_ID, DIRECTION) VALUES (46, 1, 47, 0);
INSERT INTO TRACKPART_CURVE (ID, CONSTRUCTION_ID, GRIDPOSITION_ID, DIRECTION) VALUES (50, 1, 51, 3);
INSERT INTO TRACKPART_CURVE (ID, CONSTRUCTION_ID, GRIDPOSITION_ID, DIRECTION) VALUES (52, 1, 53, 0);
INSERT INTO TRACKPART_CURVE (ID, CONSTRUCTION_ID, GRIDPOSITION_ID, DIRECTION) VALUES (64, 1, 65, 3);
INSERT INTO TRACKPART_CURVE (ID, CONSTRUCTION_ID, GRIDPOSITION_ID, DIRECTION) VALUES (74, 1, 75, 3);
INSERT INTO TRACKPART_CURVE (ID, CONSTRUCTION_ID, GRIDPOSITION_ID, DIRECTION) VALUES (82, 1, 83, 3);
INSERT INTO TRACKPART_CURVE (ID, CONSTRUCTION_ID, GRIDPOSITION_ID, DIRECTION) VALUES (84, 1, 85, 3);
INSERT INTO TRACKPART_CURVE (ID, CONSTRUCTION_ID, GRIDPOSITION_ID, DIRECTION) VALUES (98, 1, 99, 3);
INSERT INTO TRACKPART_CURVE (ID, CONSTRUCTION_ID, GRIDPOSITION_ID, DIRECTION) VALUES (1273, 1, 1274, 2);
INSERT INTO TRACKPART_CURVE (ID, CONSTRUCTION_ID, GRIDPOSITION_ID, DIRECTION) VALUES (1295, 1, 1296, 2);
INSERT INTO TRACKPART_CURVE (ID, CONSTRUCTION_ID, GRIDPOSITION_ID, DIRECTION) VALUES (1297, 1, 1298, 2);
INSERT INTO TRACKPART_CURVE (ID, CONSTRUCTION_ID, GRIDPOSITION_ID, DIRECTION) VALUES (1311, 1, 1312, 1);
INSERT INTO TRACKPART_CURVE (ID, CONSTRUCTION_ID, GRIDPOSITION_ID, DIRECTION) VALUES (1329, 1, 1330, 1);
INSERT INTO TRACKPART_CURVE (ID, CONSTRUCTION_ID, GRIDPOSITION_ID, DIRECTION) VALUES (1369, 1, 1370, 1);
INSERT INTO TRACKPART_CURVE (ID, CONSTRUCTION_ID, GRIDPOSITION_ID, DIRECTION) VALUES (1371, 1, 1372, 1);
INSERT INTO TRACKPART_CURVE (ID, CONSTRUCTION_ID, GRIDPOSITION_ID, DIRECTION) VALUES (4563, 1, 4564, 2);
INSERT INTO TRACKPART_CURVE (ID, CONSTRUCTION_ID, GRIDPOSITION_ID, DIRECTION) VALUES (4567, 1, 4568, 1);
INSERT INTO TRACKPART_CURVE (ID, CONSTRUCTION_ID, GRIDPOSITION_ID, DIRECTION) VALUES (4585, 1, 4586, 1);
INSERT INTO TRACKPART_CURVE (ID, CONSTRUCTION_ID, GRIDPOSITION_ID, DIRECTION) VALUES (5840, 5831, 5841, 1);
INSERT INTO TRACKPART_CURVE (ID, CONSTRUCTION_ID, GRIDPOSITION_ID, DIRECTION) VALUES (5936, 5931, 5937, 0);
INSERT INTO TRACKPART_CURVE (ID, CONSTRUCTION_ID, GRIDPOSITION_ID, DIRECTION) VALUES (5944, 5931, 5945, 3);
INSERT INTO TRACKPART_CURVE (ID, CONSTRUCTION_ID, GRIDPOSITION_ID, DIRECTION) VALUES (5954, 5931, 5955, 1);
INSERT INTO TRACKPART_CURVE (ID, CONSTRUCTION_ID, GRIDPOSITION_ID, DIRECTION) VALUES (5956, 5931, 5957, 2);

INSERT INTO TRACKPART_SIGNAL (ID, CONSTRUCTION_ID, GRIDPOSITION_ID, DIRECTION, TYPE, BREAKINGBLOCK_ID, ENTERINGBLOCK_ID, MONITORINGBLOCK_ID, SIGNALCONFIGGREEN1_ID, SIGNALCONFIGGREEN2_ID, SIGNALCONFIGRED1_ID, SIGNALCONFIGRED2_ID, SIGNALCONFIGWHITE_ID, SIGNALCONFIGYELLOW1_ID, SIGNALCONFIGYELLOW2_ID, STOPBLOCK_ID) VALUES (90, 1, 91, 0, 2, null, null, null, 2731, null, 2732, 2733, 2734, 2735, null, 621);
INSERT INTO TRACKPART_SIGNAL (ID, CONSTRUCTION_ID, GRIDPOSITION_ID, DIRECTION, TYPE, BREAKINGBLOCK_ID, ENTERINGBLOCK_ID, MONITORINGBLOCK_ID, SIGNALCONFIGGREEN1_ID, SIGNALCONFIGGREEN2_ID, SIGNALCONFIGRED1_ID, SIGNALCONFIGRED2_ID, SIGNALCONFIGWHITE_ID, SIGNALCONFIGYELLOW1_ID, SIGNALCONFIGYELLOW2_ID, STOPBLOCK_ID) VALUES (92, 1, 93, 0, 2, null, null, null, 2736, null, 2737, 2738, 2739, 2740, null, 617);
INSERT INTO TRACKPART_SIGNAL (ID, CONSTRUCTION_ID, GRIDPOSITION_ID, DIRECTION, TYPE, BREAKINGBLOCK_ID, ENTERINGBLOCK_ID, MONITORINGBLOCK_ID, SIGNALCONFIGGREEN1_ID, SIGNALCONFIGGREEN2_ID, SIGNALCONFIGRED1_ID, SIGNALCONFIGRED2_ID, SIGNALCONFIGWHITE_ID, SIGNALCONFIGYELLOW1_ID, SIGNALCONFIGYELLOW2_ID, STOPBLOCK_ID) VALUES (94, 1, 95, 0, 2, null, null, null, 4644, null, 4645, 4646, 4647, 4648, null, null);
INSERT INTO TRACKPART_SIGNAL (ID, CONSTRUCTION_ID, GRIDPOSITION_ID, DIRECTION, TYPE, BREAKINGBLOCK_ID, ENTERINGBLOCK_ID, MONITORINGBLOCK_ID, SIGNALCONFIGGREEN1_ID, SIGNALCONFIGGREEN2_ID, SIGNALCONFIGRED1_ID, SIGNALCONFIGRED2_ID, SIGNALCONFIGWHITE_ID, SIGNALCONFIGYELLOW1_ID, SIGNALCONFIGYELLOW2_ID, STOPBLOCK_ID) VALUES (1267, 1, 1268, 0, 2, null, null, null, 1418, null, 1419, 1420, 1421, 1422, null, 1440);
INSERT INTO TRACKPART_SIGNAL (ID, CONSTRUCTION_ID, GRIDPOSITION_ID, DIRECTION, TYPE, BREAKINGBLOCK_ID, ENTERINGBLOCK_ID, MONITORINGBLOCK_ID, SIGNALCONFIGGREEN1_ID, SIGNALCONFIGGREEN2_ID, SIGNALCONFIGRED1_ID, SIGNALCONFIGRED2_ID, SIGNALCONFIGWHITE_ID, SIGNALCONFIGYELLOW1_ID, SIGNALCONFIGYELLOW2_ID, STOPBLOCK_ID) VALUES (1269, 1, 1270, 0, 2, null, null, null, 1423, null, 1424, 1425, 1426, 1427, null, 1438);
INSERT INTO TRACKPART_SIGNAL (ID, CONSTRUCTION_ID, GRIDPOSITION_ID, DIRECTION, TYPE, BREAKINGBLOCK_ID, ENTERINGBLOCK_ID, MONITORINGBLOCK_ID, SIGNALCONFIGGREEN1_ID, SIGNALCONFIGGREEN2_ID, SIGNALCONFIGRED1_ID, SIGNALCONFIGRED2_ID, SIGNALCONFIGWHITE_ID, SIGNALCONFIGYELLOW1_ID, SIGNALCONFIGYELLOW2_ID, STOPBLOCK_ID) VALUES (2741, 1, 2742, 0, 0, null, null, null, 2743, null, 2744, null, null, null, null, 1442);
INSERT INTO TRACKPART_SIGNAL (ID, CONSTRUCTION_ID, GRIDPOSITION_ID, DIRECTION, TYPE, BREAKINGBLOCK_ID, ENTERINGBLOCK_ID, MONITORINGBLOCK_ID, SIGNALCONFIGGREEN1_ID, SIGNALCONFIGGREEN2_ID, SIGNALCONFIGRED1_ID, SIGNALCONFIGRED2_ID, SIGNALCONFIGWHITE_ID, SIGNALCONFIGYELLOW1_ID, SIGNALCONFIGYELLOW2_ID, STOPBLOCK_ID) VALUES (3039, 1, 3040, 1, 1, null, null, null, 3049, null, 3050, null, null, 3051, null, 3033);
INSERT INTO TRACKPART_SIGNAL (ID, CONSTRUCTION_ID, GRIDPOSITION_ID, DIRECTION, TYPE, BREAKINGBLOCK_ID, ENTERINGBLOCK_ID, MONITORINGBLOCK_ID, SIGNALCONFIGGREEN1_ID, SIGNALCONFIGGREEN2_ID, SIGNALCONFIGRED1_ID, SIGNALCONFIGRED2_ID, SIGNALCONFIGWHITE_ID, SIGNALCONFIGYELLOW1_ID, SIGNALCONFIGYELLOW2_ID, STOPBLOCK_ID) VALUES (3041, 1, 3042, 0, 1, null, null, null, 3052, null, 3053, null, null, 3054, null, 2331);
INSERT INTO TRACKPART_SIGNAL (ID, CONSTRUCTION_ID, GRIDPOSITION_ID, DIRECTION, TYPE, BREAKINGBLOCK_ID, ENTERINGBLOCK_ID, MONITORINGBLOCK_ID, SIGNALCONFIGGREEN1_ID, SIGNALCONFIGGREEN2_ID, SIGNALCONFIGRED1_ID, SIGNALCONFIGRED2_ID, SIGNALCONFIGWHITE_ID, SIGNALCONFIGYELLOW1_ID, SIGNALCONFIGYELLOW2_ID, STOPBLOCK_ID) VALUES (4485, 1, 4486, 0, 1, null, null, null, 4641, null, 4642, null, null, 4643, null, 4731);
INSERT INTO TRACKPART_SIGNAL (ID, CONSTRUCTION_ID, GRIDPOSITION_ID, DIRECTION, TYPE, BREAKINGBLOCK_ID, ENTERINGBLOCK_ID, MONITORINGBLOCK_ID, SIGNALCONFIGGREEN1_ID, SIGNALCONFIGGREEN2_ID, SIGNALCONFIGRED1_ID, SIGNALCONFIGRED2_ID, SIGNALCONFIGWHITE_ID, SIGNALCONFIGYELLOW1_ID, SIGNALCONFIGYELLOW2_ID, STOPBLOCK_ID) VALUES (4575, 1, 4576, 0, 0, null, null, null, 4756, null, 4757, null, null, null, null, 4733);
INSERT INTO TRACKPART_SIGNAL (ID, CONSTRUCTION_ID, GRIDPOSITION_ID, DIRECTION, TYPE, BREAKINGBLOCK_ID, ENTERINGBLOCK_ID, MONITORINGBLOCK_ID, SIGNALCONFIGGREEN1_ID, SIGNALCONFIGGREEN2_ID, SIGNALCONFIGRED1_ID, SIGNALCONFIGRED2_ID, SIGNALCONFIGWHITE_ID, SIGNALCONFIGYELLOW1_ID, SIGNALCONFIGYELLOW2_ID, STOPBLOCK_ID) VALUES (4605, 1, 4606, 1, 0, null, null, null, 4754, null, 4755, null, null, null, null, 2333);
INSERT INTO TRACKPART_SIGNAL (ID, CONSTRUCTION_ID, GRIDPOSITION_ID, DIRECTION, TYPE, BREAKINGBLOCK_ID, ENTERINGBLOCK_ID, MONITORINGBLOCK_ID, SIGNALCONFIGGREEN1_ID, SIGNALCONFIGGREEN2_ID, SIGNALCONFIGRED1_ID, SIGNALCONFIGRED2_ID, SIGNALCONFIGWHITE_ID, SIGNALCONFIGYELLOW1_ID, SIGNALCONFIGYELLOW2_ID, STOPBLOCK_ID) VALUES (4659, 1, 4660, 1, 0, null, null, null, 4758, null, 4759, null, null, null, null, 4739);
INSERT INTO TRACKPART_SIGNAL (ID, CONSTRUCTION_ID, GRIDPOSITION_ID, DIRECTION, TYPE, BREAKINGBLOCK_ID, ENTERINGBLOCK_ID, MONITORINGBLOCK_ID, SIGNALCONFIGGREEN1_ID, SIGNALCONFIGGREEN2_ID, SIGNALCONFIGRED1_ID, SIGNALCONFIGRED2_ID, SIGNALCONFIGWHITE_ID, SIGNALCONFIGYELLOW1_ID, SIGNALCONFIGYELLOW2_ID, STOPBLOCK_ID) VALUES (5842, 5831, 5843, 0, 0, null, null, null, null, null, null, null, null, null, null, null);
INSERT INTO TRACKPART_SIGNAL (ID, CONSTRUCTION_ID, GRIDPOSITION_ID, DIRECTION, TYPE, BREAKINGBLOCK_ID, ENTERINGBLOCK_ID, MONITORINGBLOCK_ID, SIGNALCONFIGGREEN1_ID, SIGNALCONFIGGREEN2_ID, SIGNALCONFIGRED1_ID, SIGNALCONFIGRED2_ID, SIGNALCONFIGWHITE_ID, SIGNALCONFIGYELLOW1_ID, SIGNALCONFIGYELLOW2_ID, STOPBLOCK_ID) VALUES (5850, 5831, 5851, 0, 0, null, null, null, null, null, null, null, null, null, null, null);
INSERT INTO TRACKPART_SIGNAL (ID, CONSTRUCTION_ID, GRIDPOSITION_ID, DIRECTION, TYPE, BREAKINGBLOCK_ID, ENTERINGBLOCK_ID, MONITORINGBLOCK_ID, SIGNALCONFIGGREEN1_ID, SIGNALCONFIGGREEN2_ID, SIGNALCONFIGRED1_ID, SIGNALCONFIGRED2_ID, SIGNALCONFIGWHITE_ID, SIGNALCONFIGYELLOW1_ID, SIGNALCONFIGYELLOW2_ID, STOPBLOCK_ID) VALUES (5934, 5931, 5935, 1, 0, null, null, null, null, null, null, null, null, null, null, null);
INSERT INTO TRACKPART_SIGNAL (ID, CONSTRUCTION_ID, GRIDPOSITION_ID, DIRECTION, TYPE, BREAKINGBLOCK_ID, ENTERINGBLOCK_ID, MONITORINGBLOCK_ID, SIGNALCONFIGGREEN1_ID, SIGNALCONFIGGREEN2_ID, SIGNALCONFIGRED1_ID, SIGNALCONFIGRED2_ID, SIGNALCONFIGWHITE_ID, SIGNALCONFIGYELLOW1_ID, SIGNALCONFIGYELLOW2_ID, STOPBLOCK_ID) VALUES (5946, 5931, 5947, 0, 0, null, null, null, null, null, null, null, null, null, null, null);
INSERT INTO TRACKPART_SIGNAL (ID, CONSTRUCTION_ID, GRIDPOSITION_ID, DIRECTION, TYPE, BREAKINGBLOCK_ID, ENTERINGBLOCK_ID, MONITORINGBLOCK_ID, SIGNALCONFIGGREEN1_ID, SIGNALCONFIGGREEN2_ID, SIGNALCONFIGRED1_ID, SIGNALCONFIGRED2_ID, SIGNALCONFIGWHITE_ID, SIGNALCONFIGYELLOW1_ID, SIGNALCONFIGYELLOW2_ID, STOPBLOCK_ID) VALUES (5950, 5931, 5951, 0, 0, null, null, null, null, null, null, null, null, null, null, null);
INSERT INTO TRACKPART_SIGNAL (ID, CONSTRUCTION_ID, GRIDPOSITION_ID, DIRECTION, TYPE, BREAKINGBLOCK_ID, ENTERINGBLOCK_ID, MONITORINGBLOCK_ID, SIGNALCONFIGGREEN1_ID, SIGNALCONFIGGREEN2_ID, SIGNALCONFIGRED1_ID, SIGNALCONFIGRED2_ID, SIGNALCONFIGWHITE_ID, SIGNALCONFIGYELLOW1_ID, SIGNALCONFIGYELLOW2_ID, STOPBLOCK_ID) VALUES (5958, 5931, 5959, 1, 0, null, null, null, null, null, null, null, null, null, null, null);


INSERT INTO TRACKPART_STRAIGHT (ID, CONSTRUCTION_ID, GRIDPOSITION_ID, DIRECTION) VALUES (76, 1, 77, 1);
INSERT INTO TRACKPART_STRAIGHT (ID, CONSTRUCTION_ID, GRIDPOSITION_ID, DIRECTION) VALUES (96, 1, 97, 0);
INSERT INTO TRACKPART_STRAIGHT (ID, CONSTRUCTION_ID, GRIDPOSITION_ID, DIRECTION) VALUES (100, 1, 101, 0);
INSERT INTO TRACKPART_STRAIGHT (ID, CONSTRUCTION_ID, GRIDPOSITION_ID, DIRECTION) VALUES (102, 1, 103, 0);
INSERT INTO TRACKPART_STRAIGHT (ID, CONSTRUCTION_ID, GRIDPOSITION_ID, DIRECTION) VALUES (104, 1, 105, 0);
INSERT INTO TRACKPART_STRAIGHT (ID, CONSTRUCTION_ID, GRIDPOSITION_ID, DIRECTION) VALUES (641, 1, 642, 0);
INSERT INTO TRACKPART_STRAIGHT (ID, CONSTRUCTION_ID, GRIDPOSITION_ID, DIRECTION) VALUES (645, 1, 646, 0);
INSERT INTO TRACKPART_STRAIGHT (ID, CONSTRUCTION_ID, GRIDPOSITION_ID, DIRECTION) VALUES (647, 1, 648, 0);
INSERT INTO TRACKPART_STRAIGHT (ID, CONSTRUCTION_ID, GRIDPOSITION_ID, DIRECTION) VALUES (649, 1, 650, 0);
INSERT INTO TRACKPART_STRAIGHT (ID, CONSTRUCTION_ID, GRIDPOSITION_ID, DIRECTION) VALUES (651, 1, 652, 0);
INSERT INTO TRACKPART_STRAIGHT (ID, CONSTRUCTION_ID, GRIDPOSITION_ID, DIRECTION) VALUES (653, 1, 654, 0);
INSERT INTO TRACKPART_STRAIGHT (ID, CONSTRUCTION_ID, GRIDPOSITION_ID, DIRECTION) VALUES (1365, 1, 1366, 0);
INSERT INTO TRACKPART_STRAIGHT (ID, CONSTRUCTION_ID, GRIDPOSITION_ID, DIRECTION) VALUES (1367, 1, 1368, 0);
INSERT INTO TRACKPART_STRAIGHT (ID, CONSTRUCTION_ID, GRIDPOSITION_ID, DIRECTION) VALUES (1373, 1, 1374, 0);
INSERT INTO TRACKPART_STRAIGHT (ID, CONSTRUCTION_ID, GRIDPOSITION_ID, DIRECTION) VALUES (1375, 1, 1376, 0);
INSERT INTO TRACKPART_STRAIGHT (ID, CONSTRUCTION_ID, GRIDPOSITION_ID, DIRECTION) VALUES (1377, 1, 1378, 0);
INSERT INTO TRACKPART_STRAIGHT (ID, CONSTRUCTION_ID, GRIDPOSITION_ID, DIRECTION) VALUES (1379, 1, 1380, 0);
INSERT INTO TRACKPART_STRAIGHT (ID, CONSTRUCTION_ID, GRIDPOSITION_ID, DIRECTION) VALUES (1381, 1, 1382, 0);
INSERT INTO TRACKPART_STRAIGHT (ID, CONSTRUCTION_ID, GRIDPOSITION_ID, DIRECTION) VALUES (1383, 1, 1384, 0);
INSERT INTO TRACKPART_STRAIGHT (ID, CONSTRUCTION_ID, GRIDPOSITION_ID, DIRECTION) VALUES (1385, 1, 1386, 0);
INSERT INTO TRACKPART_STRAIGHT (ID, CONSTRUCTION_ID, GRIDPOSITION_ID, DIRECTION) VALUES (1387, 1, 1388, 0);
INSERT INTO TRACKPART_STRAIGHT (ID, CONSTRUCTION_ID, GRIDPOSITION_ID, DIRECTION) VALUES (1389, 1, 1390, 0);
INSERT INTO TRACKPART_STRAIGHT (ID, CONSTRUCTION_ID, GRIDPOSITION_ID, DIRECTION) VALUES (1391, 1, 1392, 0);
INSERT INTO TRACKPART_STRAIGHT (ID, CONSTRUCTION_ID, GRIDPOSITION_ID, DIRECTION) VALUES (1393, 1, 1394, 0);
INSERT INTO TRACKPART_STRAIGHT (ID, CONSTRUCTION_ID, GRIDPOSITION_ID, DIRECTION) VALUES (1395, 1, 1396, 0);
INSERT INTO TRACKPART_STRAIGHT (ID, CONSTRUCTION_ID, GRIDPOSITION_ID, DIRECTION) VALUES (1397, 1, 1398, 0);
INSERT INTO TRACKPART_STRAIGHT (ID, CONSTRUCTION_ID, GRIDPOSITION_ID, DIRECTION) VALUES (1399, 1, 1400, 0);
INSERT INTO TRACKPART_STRAIGHT (ID, CONSTRUCTION_ID, GRIDPOSITION_ID, DIRECTION) VALUES (1285, 1, 1286, 0);
INSERT INTO TRACKPART_STRAIGHT (ID, CONSTRUCTION_ID, GRIDPOSITION_ID, DIRECTION) VALUES (1287, 1, 1288, 0);
INSERT INTO TRACKPART_STRAIGHT (ID, CONSTRUCTION_ID, GRIDPOSITION_ID, DIRECTION) VALUES (1289, 1, 1290, 0);
INSERT INTO TRACKPART_STRAIGHT (ID, CONSTRUCTION_ID, GRIDPOSITION_ID, DIRECTION) VALUES (1293, 1, 1294, 0);
INSERT INTO TRACKPART_STRAIGHT (ID, CONSTRUCTION_ID, GRIDPOSITION_ID, DIRECTION) VALUES (1299, 1, 1300, 0);
INSERT INTO TRACKPART_STRAIGHT (ID, CONSTRUCTION_ID, GRIDPOSITION_ID, DIRECTION) VALUES (1301, 1, 1302, 0);
INSERT INTO TRACKPART_STRAIGHT (ID, CONSTRUCTION_ID, GRIDPOSITION_ID, DIRECTION) VALUES (1303, 1, 1304, 0);
INSERT INTO TRACKPART_STRAIGHT (ID, CONSTRUCTION_ID, GRIDPOSITION_ID, DIRECTION) VALUES (1305, 1, 1306, 0);
INSERT INTO TRACKPART_STRAIGHT (ID, CONSTRUCTION_ID, GRIDPOSITION_ID, DIRECTION) VALUES (1307, 1, 1308, 0);
INSERT INTO TRACKPART_STRAIGHT (ID, CONSTRUCTION_ID, GRIDPOSITION_ID, DIRECTION) VALUES (1309, 1, 1310, 0);
INSERT INTO TRACKPART_STRAIGHT (ID, CONSTRUCTION_ID, GRIDPOSITION_ID, DIRECTION) VALUES (1313, 1, 1314, 1);
INSERT INTO TRACKPART_STRAIGHT (ID, CONSTRUCTION_ID, GRIDPOSITION_ID, DIRECTION) VALUES (1323, 1, 1324, 0);
INSERT INTO TRACKPART_STRAIGHT (ID, CONSTRUCTION_ID, GRIDPOSITION_ID, DIRECTION) VALUES (1325, 1, 1326, 0);
INSERT INTO TRACKPART_STRAIGHT (ID, CONSTRUCTION_ID, GRIDPOSITION_ID, DIRECTION) VALUES (1327, 1, 1328, 0);
INSERT INTO TRACKPART_STRAIGHT (ID, CONSTRUCTION_ID, GRIDPOSITION_ID, DIRECTION) VALUES (1331, 1, 1332, 1);
INSERT INTO TRACKPART_STRAIGHT (ID, CONSTRUCTION_ID, GRIDPOSITION_ID, DIRECTION) VALUES (1337, 1, 1338, 0);
INSERT INTO TRACKPART_STRAIGHT (ID, CONSTRUCTION_ID, GRIDPOSITION_ID, DIRECTION) VALUES (1339, 1, 1340, 0);
INSERT INTO TRACKPART_STRAIGHT (ID, CONSTRUCTION_ID, GRIDPOSITION_ID, DIRECTION) VALUES (1343, 1, 1344, 0);
INSERT INTO TRACKPART_STRAIGHT (ID, CONSTRUCTION_ID, GRIDPOSITION_ID, DIRECTION) VALUES (1347, 1, 1348, 0);
INSERT INTO TRACKPART_STRAIGHT (ID, CONSTRUCTION_ID, GRIDPOSITION_ID, DIRECTION) VALUES (1351, 1, 1352, 0);
INSERT INTO TRACKPART_STRAIGHT (ID, CONSTRUCTION_ID, GRIDPOSITION_ID, DIRECTION) VALUES (1353, 1, 1354, 0);
INSERT INTO TRACKPART_STRAIGHT (ID, CONSTRUCTION_ID, GRIDPOSITION_ID, DIRECTION) VALUES (1355, 1, 1356, 0);
INSERT INTO TRACKPART_STRAIGHT (ID, CONSTRUCTION_ID, GRIDPOSITION_ID, DIRECTION) VALUES (2439, 1, 2440, 0);
INSERT INTO TRACKPART_STRAIGHT (ID, CONSTRUCTION_ID, GRIDPOSITION_ID, DIRECTION) VALUES (2441, 1, 2442, 0);
INSERT INTO TRACKPART_STRAIGHT (ID, CONSTRUCTION_ID, GRIDPOSITION_ID, DIRECTION) VALUES (2443, 1, 2444, 0);
INSERT INTO TRACKPART_STRAIGHT (ID, CONSTRUCTION_ID, GRIDPOSITION_ID, DIRECTION) VALUES (3043, 1, 3044, 1);
INSERT INTO TRACKPART_STRAIGHT (ID, CONSTRUCTION_ID, GRIDPOSITION_ID, DIRECTION) VALUES (3045, 1, 3046, 1);
INSERT INTO TRACKPART_STRAIGHT (ID, CONSTRUCTION_ID, GRIDPOSITION_ID, DIRECTION) VALUES (3047, 1, 3048, 1);
INSERT INTO TRACKPART_STRAIGHT (ID, CONSTRUCTION_ID, GRIDPOSITION_ID, DIRECTION) VALUES (4475, 1, 4476, 1);
INSERT INTO TRACKPART_STRAIGHT (ID, CONSTRUCTION_ID, GRIDPOSITION_ID, DIRECTION) VALUES (4477, 1, 4478, 1);
INSERT INTO TRACKPART_STRAIGHT (ID, CONSTRUCTION_ID, GRIDPOSITION_ID, DIRECTION) VALUES (4479, 1, 4480, 1);
INSERT INTO TRACKPART_STRAIGHT (ID, CONSTRUCTION_ID, GRIDPOSITION_ID, DIRECTION) VALUES (4481, 1, 4482, 1);
INSERT INTO TRACKPART_STRAIGHT (ID, CONSTRUCTION_ID, GRIDPOSITION_ID, DIRECTION) VALUES (4487, 1, 4488, 0);
INSERT INTO TRACKPART_STRAIGHT (ID, CONSTRUCTION_ID, GRIDPOSITION_ID, DIRECTION) VALUES (4565, 1, 4566, 1);
INSERT INTO TRACKPART_STRAIGHT (ID, CONSTRUCTION_ID, GRIDPOSITION_ID, DIRECTION) VALUES (4569, 1, 4570, 0);
INSERT INTO TRACKPART_STRAIGHT (ID, CONSTRUCTION_ID, GRIDPOSITION_ID, DIRECTION) VALUES (4571, 1, 4572, 0);
INSERT INTO TRACKPART_STRAIGHT (ID, CONSTRUCTION_ID, GRIDPOSITION_ID, DIRECTION) VALUES (4577, 1, 4578, 0);
INSERT INTO TRACKPART_STRAIGHT (ID, CONSTRUCTION_ID, GRIDPOSITION_ID, DIRECTION) VALUES (4581, 1, 4582, 0);
INSERT INTO TRACKPART_STRAIGHT (ID, CONSTRUCTION_ID, GRIDPOSITION_ID, DIRECTION) VALUES (4583, 1, 4584, 0);
INSERT INTO TRACKPART_STRAIGHT (ID, CONSTRUCTION_ID, GRIDPOSITION_ID, DIRECTION) VALUES (4591, 1, 4592, 0);
INSERT INTO TRACKPART_STRAIGHT (ID, CONSTRUCTION_ID, GRIDPOSITION_ID, DIRECTION) VALUES (4593, 1, 4594, 0);
INSERT INTO TRACKPART_STRAIGHT (ID, CONSTRUCTION_ID, GRIDPOSITION_ID, DIRECTION) VALUES (4595, 1, 4596, 0);
INSERT INTO TRACKPART_STRAIGHT (ID, CONSTRUCTION_ID, GRIDPOSITION_ID, DIRECTION) VALUES (4597, 1, 4598, 0);
INSERT INTO TRACKPART_STRAIGHT (ID, CONSTRUCTION_ID, GRIDPOSITION_ID, DIRECTION) VALUES (4599, 1, 4600, 0);
INSERT INTO TRACKPART_STRAIGHT (ID, CONSTRUCTION_ID, GRIDPOSITION_ID, DIRECTION) VALUES (4601, 1, 4602, 0);
INSERT INTO TRACKPART_STRAIGHT (ID, CONSTRUCTION_ID, GRIDPOSITION_ID, DIRECTION) VALUES (4603, 1, 4604, 0);
INSERT INTO TRACKPART_STRAIGHT (ID, CONSTRUCTION_ID, GRIDPOSITION_ID, DIRECTION) VALUES (4607, 1, 4608, 1);
INSERT INTO TRACKPART_STRAIGHT (ID, CONSTRUCTION_ID, GRIDPOSITION_ID, DIRECTION) VALUES (4609, 1, 4610, 1);
INSERT INTO TRACKPART_STRAIGHT (ID, CONSTRUCTION_ID, GRIDPOSITION_ID, DIRECTION) VALUES (4649, 1, 4650, 0);
INSERT INTO TRACKPART_STRAIGHT (ID, CONSTRUCTION_ID, GRIDPOSITION_ID, DIRECTION) VALUES (4651, 1, 4652, 0);
INSERT INTO TRACKPART_STRAIGHT (ID, CONSTRUCTION_ID, GRIDPOSITION_ID, DIRECTION) VALUES (4653, 1, 4654, 0);
INSERT INTO TRACKPART_STRAIGHT (ID, CONSTRUCTION_ID, GRIDPOSITION_ID, DIRECTION) VALUES (4655, 1, 4656, 0);
INSERT INTO TRACKPART_STRAIGHT (ID, CONSTRUCTION_ID, GRIDPOSITION_ID, DIRECTION) VALUES (4657, 1, 4658, 0);
INSERT INTO TRACKPART_STRAIGHT (ID, CONSTRUCTION_ID, GRIDPOSITION_ID, DIRECTION) VALUES (4661, 1, 4662, 0);
INSERT INTO TRACKPART_STRAIGHT (ID, CONSTRUCTION_ID, GRIDPOSITION_ID, DIRECTION) VALUES (4663, 1, 4664, 0);
INSERT INTO TRACKPART_STRAIGHT (ID, CONSTRUCTION_ID, GRIDPOSITION_ID, DIRECTION) VALUES (4665, 1, 4666, 0);
INSERT INTO TRACKPART_STRAIGHT (ID, CONSTRUCTION_ID, GRIDPOSITION_ID, DIRECTION) VALUES (4667, 1, 4668, 0);
INSERT INTO TRACKPART_STRAIGHT (ID, CONSTRUCTION_ID, GRIDPOSITION_ID, DIRECTION) VALUES (4669, 1, 4670, 0);
INSERT INTO TRACKPART_STRAIGHT (ID, CONSTRUCTION_ID, GRIDPOSITION_ID, DIRECTION) VALUES (5838, 5831, 5839, 1);
INSERT INTO TRACKPART_STRAIGHT (ID, CONSTRUCTION_ID, GRIDPOSITION_ID, DIRECTION) VALUES (5844, 5831, 5845, 0);
INSERT INTO TRACKPART_STRAIGHT (ID, CONSTRUCTION_ID, GRIDPOSITION_ID, DIRECTION) VALUES (5846, 5831, 5847, 0);
INSERT INTO TRACKPART_STRAIGHT (ID, CONSTRUCTION_ID, GRIDPOSITION_ID, DIRECTION) VALUES (5848, 5831, 5849, 0);
INSERT INTO TRACKPART_STRAIGHT (ID, CONSTRUCTION_ID, GRIDPOSITION_ID, DIRECTION) VALUES (5938, 5931, 5939, 0);
INSERT INTO TRACKPART_STRAIGHT (ID, CONSTRUCTION_ID, GRIDPOSITION_ID, DIRECTION) VALUES (5942, 5931, 5943, 1);
INSERT INTO TRACKPART_STRAIGHT (ID, CONSTRUCTION_ID, GRIDPOSITION_ID, DIRECTION) VALUES (5952, 5931, 5953, 0);
INSERT INTO TRACKPART_STRAIGHT (ID, CONSTRUCTION_ID, GRIDPOSITION_ID, DIRECTION) VALUES (5962, 5931, 5963, 1);
INSERT INTO TRACKPART_STRAIGHT (ID, CONSTRUCTION_ID, GRIDPOSITION_ID, DIRECTION) VALUES (6433, 1, 6434, 0);
INSERT INTO TRACKPART_STRAIGHT (ID, CONSTRUCTION_ID, GRIDPOSITION_ID, DIRECTION) VALUES (6442, 1, 6443, 0);

INSERT INTO TRACKPART_SWITCH (ID, CONSTRUCTION_ID, GRIDPOSITION_ID, CURRENTDIRECTION, CURRENTPRESENTATION, EVENTCONFIGURATION_ID, TOGGLEFUNCTION_ID) VALUES (48, 1, 49, 0, 0, 114, 115);
INSERT INTO TRACKPART_SWITCH (ID, CONSTRUCTION_ID, GRIDPOSITION_ID, CURRENTDIRECTION, CURRENTPRESENTATION, EVENTCONFIGURATION_ID, TOGGLEFUNCTION_ID) VALUES (54, 1, 55, 0, 0, 116, 117);
INSERT INTO TRACKPART_SWITCH (ID, CONSTRUCTION_ID, GRIDPOSITION_ID, CURRENTDIRECTION, CURRENTPRESENTATION, EVENTCONFIGURATION_ID, TOGGLEFUNCTION_ID) VALUES (70, 1, 71, 0, 0, 120, 121);
INSERT INTO TRACKPART_SWITCH (ID, CONSTRUCTION_ID, GRIDPOSITION_ID, CURRENTDIRECTION, CURRENTPRESENTATION, EVENTCONFIGURATION_ID, TOGGLEFUNCTION_ID) VALUES (72, 1, 73, 0, 0, 124, 125);
INSERT INTO TRACKPART_SWITCH (ID, CONSTRUCTION_ID, GRIDPOSITION_ID, CURRENTDIRECTION, CURRENTPRESENTATION, EVENTCONFIGURATION_ID, TOGGLEFUNCTION_ID) VALUES (78, 1, 79, 0, 1, 122, 123);
INSERT INTO TRACKPART_SWITCH (ID, CONSTRUCTION_ID, GRIDPOSITION_ID, CURRENTDIRECTION, CURRENTPRESENTATION, EVENTCONFIGURATION_ID, TOGGLEFUNCTION_ID) VALUES (80, 1, 81, 0, 0, 118, 119);
INSERT INTO TRACKPART_SWITCH (ID, CONSTRUCTION_ID, GRIDPOSITION_ID, CURRENTDIRECTION, CURRENTPRESENTATION, EVENTCONFIGURATION_ID, TOGGLEFUNCTION_ID) VALUES (1271, 1, 1272, 1, 1, 1428, 1429);
INSERT INTO TRACKPART_SWITCH (ID, CONSTRUCTION_ID, GRIDPOSITION_ID, CURRENTDIRECTION, CURRENTPRESENTATION, EVENTCONFIGURATION_ID, TOGGLEFUNCTION_ID) VALUES (1275, 1, 1276, 0, 0, 1436, 1437);
INSERT INTO TRACKPART_SWITCH (ID, CONSTRUCTION_ID, GRIDPOSITION_ID, CURRENTDIRECTION, CURRENTPRESENTATION, EVENTCONFIGURATION_ID, TOGGLEFUNCTION_ID) VALUES (1277, 1, 1278, 0, 1, 1434, 1435);
INSERT INTO TRACKPART_SWITCH (ID, CONSTRUCTION_ID, GRIDPOSITION_ID, CURRENTDIRECTION, CURRENTPRESENTATION, EVENTCONFIGURATION_ID, TOGGLEFUNCTION_ID) VALUES (1279, 1, 1280, 1, 0, 1430, 1431);
INSERT INTO TRACKPART_SWITCH (ID, CONSTRUCTION_ID, GRIDPOSITION_ID, CURRENTDIRECTION, CURRENTPRESENTATION, EVENTCONFIGURATION_ID, TOGGLEFUNCTION_ID) VALUES (1281, 1, 1282, 1, 1, 1432, 1433);
INSERT INTO TRACKPART_SWITCH (ID, CONSTRUCTION_ID, GRIDPOSITION_ID, CURRENTDIRECTION, CURRENTPRESENTATION, EVENTCONFIGURATION_ID, TOGGLEFUNCTION_ID) VALUES (1283, 1, 1284, 1, 0, 1444, 1445);
INSERT INTO TRACKPART_SWITCH (ID, CONSTRUCTION_ID, GRIDPOSITION_ID, CURRENTDIRECTION, CURRENTPRESENTATION, EVENTCONFIGURATION_ID, TOGGLEFUNCTION_ID) VALUES (1333, 1, 1334, 0, 1, 1416, 1417);
INSERT INTO TRACKPART_SWITCH (ID, CONSTRUCTION_ID, GRIDPOSITION_ID, CURRENTDIRECTION, CURRENTPRESENTATION, EVENTCONFIGURATION_ID, TOGGLEFUNCTION_ID) VALUES (1335, 1, 1336, 0, 1, 1414, 1415);
INSERT INTO TRACKPART_SWITCH (ID, CONSTRUCTION_ID, GRIDPOSITION_ID, CURRENTDIRECTION, CURRENTPRESENTATION, EVENTCONFIGURATION_ID, TOGGLEFUNCTION_ID) VALUES (4483, 1, 4484, 1, 1, null, null);
INSERT INTO TRACKPART_SWITCH (ID, CONSTRUCTION_ID, GRIDPOSITION_ID, CURRENTDIRECTION, CURRENTPRESENTATION, EVENTCONFIGURATION_ID, TOGGLEFUNCTION_ID) VALUES (4579, 1, 4580, 0, 1, 4777, 4778);
INSERT INTO TRACKPART_SWITCH (ID, CONSTRUCTION_ID, GRIDPOSITION_ID, CURRENTDIRECTION, CURRENTPRESENTATION, EVENTCONFIGURATION_ID, TOGGLEFUNCTION_ID) VALUES (5836, 5831, 5837, 0, 1, null, null);


INSERT INTO SCENARIO (ID, CRON, NAME, STARTDRIVINGLEVEL, TRAINDRIVINGDIRECTION, TRAIN_ID, STATIONPLATFORMENDID, STATIONPLATFORMSTARTID) VALUES (657, '0 2/5 * * * ?', 'HBF G2 - Ausfahrt', 18, 1, 134, null, null);
INSERT INTO SCENARIO (ID, CRON, NAME, STARTDRIVINGLEVEL, TRAINDRIVINGDIRECTION, TRAIN_ID, STATIONPLATFORMENDID, STATIONPLATFORMSTARTID) VALUES (659, '0 5/5 * * * ?', 'HBF G2 - Einfahrt', 18, 1, 134, null, null);
INSERT INTO SCENARIO (ID, CRON, NAME, STARTDRIVINGLEVEL, TRAINDRIVINGDIRECTION, TRAIN_ID, STATIONPLATFORMENDID, STATIONPLATFORMSTARTID) VALUES (1539, '0 0/6 * * * ?', 'HBF G3 - Ausfahrt', 18, 1, 1447, null, null);
INSERT INTO SCENARIO (ID, CRON, NAME, STARTDRIVINGLEVEL, TRAINDRIVINGDIRECTION, TRAIN_ID, STATIONPLATFORMENDID, STATIONPLATFORMSTARTID) VALUES (1541, '0 3/6 * * * ?', 'HBF G3 - Einfahrt', 18, 1, 1447, null, null);
INSERT INTO SCENARIO (ID, CRON, NAME, STARTDRIVINGLEVEL, TRAINDRIVINGDIRECTION, TRAIN_ID, STATIONPLATFORMENDID, STATIONPLATFORMSTARTID) VALUES (1631, '0 2/8 * * * ?', 'HBF G1 - Ausfahrt', 18, 1, 3231, null, null);
INSERT INTO SCENARIO (ID, CRON, NAME, STARTDRIVINGLEVEL, TRAINDRIVINGDIRECTION, TRAIN_ID, STATIONPLATFORMENDID, STATIONPLATFORMSTARTID) VALUES (1632, '0 2/6 * * * ?', 'HBF G4 - Ausfahrt', 18, 0, 1448, null, null);
INSERT INTO SCENARIO (ID, CRON, NAME, STARTDRIVINGLEVEL, TRAINDRIVINGDIRECTION, TRAIN_ID, STATIONPLATFORMENDID, STATIONPLATFORMSTARTID) VALUES (1833, '0 4/8 * * * ?', 'HBF G1 - Einfahrt', 18, 1, 3231, null, null);
INSERT INTO SCENARIO (ID, CRON, NAME, STARTDRIVINGLEVEL, TRAINDRIVINGDIRECTION, TRAIN_ID, STATIONPLATFORMENDID, STATIONPLATFORMSTARTID) VALUES (1835, '0 5/6 * * * ?', 'HBF G4 - Einfahrt', 18, 0, 1448, null, null);
INSERT INTO SCENARIO (ID, CRON, NAME, STARTDRIVINGLEVEL, TRAINDRIVINGDIRECTION, TRAIN_ID, STATIONPLATFORMENDID, STATIONPLATFORMSTARTID) VALUES (6449, '0 0/8 * * * ?', 'Burg Pendler Einfahrt', 16, 0, 6331, null, null);
INSERT INTO SCENARIO (ID, CRON, NAME, STARTDRIVINGLEVEL, TRAINDRIVINGDIRECTION, TRAIN_ID, STATIONPLATFORMENDID, STATIONPLATFORMSTARTID) VALUES (6451, '0 2/8 * * * ?', 'Burg Pendler Ausfahrt', 16, 1, 6331, null, null);

INSERT INTO SCENARIO_ROUTE (ID, NAME, ONEWAY, END_ID, START_ID) VALUES (655, 'hbf g2 - sbf g3', 0, 605, 643);
INSERT INTO SCENARIO_ROUTE (ID, NAME, ONEWAY, END_ID, START_ID) VALUES (656, 'sbf g3 - hbf g2', 0, 615, 56);
INSERT INTO SCENARIO_ROUTE (ID, NAME, ONEWAY, END_ID, START_ID) VALUES (1531, 'hbf g1 - sbf g4', 0, 607, 132);
INSERT INTO SCENARIO_ROUTE (ID, NAME, ONEWAY, END_ID, START_ID) VALUES (1532, 'hbf g3 - sbf g2', 0, 603, 128);
INSERT INTO SCENARIO_ROUTE (ID, NAME, ONEWAY, END_ID, START_ID) VALUES (1533, 'hbf g4 - sbf g1', 0, 601, 126);
INSERT INTO SCENARIO_ROUTE (ID, NAME, ONEWAY, END_ID, START_ID) VALUES (1534, 'sbf g4 - hbf g1', 0, 609, 58);
INSERT INTO SCENARIO_ROUTE (ID, NAME, ONEWAY, END_ID, START_ID) VALUES (1535, 'sbf g2 - hbf g3', 0, 617, 60);
INSERT INTO SCENARIO_ROUTE (ID, NAME, ONEWAY, END_ID, START_ID) VALUES (1536, 'sbf g1 - hbf g4', 0, 621, 62);
INSERT INTO SCENARIO_ROUTE (ID, NAME, ONEWAY, END_ID, START_ID) VALUES (2959, 'HBF/G1 - Ost - Ausfahrt', 0, 2333, 132);
INSERT INTO SCENARIO_ROUTE (ID, NAME, ONEWAY, END_ID, START_ID) VALUES (2960, 'HBF/G2 - Ost - Ausfahrt', 0, 2333, 643);
INSERT INTO SCENARIO_ROUTE (ID, NAME, ONEWAY, END_ID, START_ID) VALUES (2961, 'HBF/G3 - Ost - Einfahrt', 0, 619, 4491);
INSERT INTO SCENARIO_ROUTE (ID, NAME, ONEWAY, END_ID, START_ID) VALUES (2962, 'HBF/G4 - Ost - Einfahrt', 0, 623, 4491);
INSERT INTO SCENARIO_ROUTE (ID, NAME, ONEWAY, END_ID, START_ID) VALUES (2963, 'sbf/G4 - Ost - Einfahrt', 0, 607, 2435);
INSERT INTO SCENARIO_ROUTE (ID, NAME, ONEWAY, END_ID, START_ID) VALUES (2964, 'sbf/G3 - Ost - Einfahrt', 0, 605, 2435);
INSERT INTO SCENARIO_ROUTE (ID, NAME, ONEWAY, END_ID, START_ID) VALUES (2965, 'sbf/G1 - Ost - Ausfahrt', 0, 4739, 62);
INSERT INTO SCENARIO_ROUTE (ID, NAME, ONEWAY, END_ID, START_ID) VALUES (2966, 'sbf/G2 - Ost - Ausfahrt', 0, 4739, 60);
INSERT INTO SCENARIO_ROUTE (ID, NAME, ONEWAY, END_ID, START_ID) VALUES (3233, 'HBF/G1 -West - Einfahrt', 0, 609, 86);
INSERT INTO SCENARIO_ROUTE (ID, NAME, ONEWAY, END_ID, START_ID) VALUES (3234, 'HBF/G2 -West - Einfahrt', 0, 1440, 86);
INSERT INTO SCENARIO_ROUTE (ID, NAME, ONEWAY, END_ID, START_ID) VALUES (3235, 'sbf/G3 - West - Ausfahrt', 0, 3033, 56);
INSERT INTO SCENARIO_ROUTE (ID, NAME, ONEWAY, END_ID, START_ID) VALUES (3236, 'sbf/G4 -West - Ausfahrt', 0, 3033, 58);
INSERT INTO SCENARIO_ROUTE (ID, NAME, ONEWAY, END_ID, START_ID) VALUES (3535, 'HBF/G3 - West - Ausfahrt', 0, 3031, 128);
INSERT INTO SCENARIO_ROUTE (ID, NAME, ONEWAY, END_ID, START_ID) VALUES (3536, 'HBF/G4 - West - Ausfahrt', 0, 3031, 126);
INSERT INTO SCENARIO_ROUTE (ID, NAME, ONEWAY, END_ID, START_ID) VALUES (3537, 'sbf/G1 - West - Einfahrt', 0, 601, 66);
INSERT INTO SCENARIO_ROUTE (ID, NAME, ONEWAY, END_ID, START_ID) VALUES (3538, 'sbf/G2 - West - Einfahrt', 0, 603, 66);
INSERT INTO SCENARIO_ROUTE (ID, NAME, ONEWAY, END_ID, START_ID) VALUES (4744, 'sbf - ost - hbf', 0, 2331, 2437);
INSERT INTO SCENARIO_ROUTE (ID, NAME, ONEWAY, END_ID, START_ID) VALUES (4745, 'hbf - ost - sbf', 0, 1442, 1315);
INSERT INTO SCENARIO_ROUTE (ID, NAME, ONEWAY, END_ID, START_ID) VALUES (4746, 'neben G1 - Ausfahrt', 0, 4731, 4589);
INSERT INTO SCENARIO_ROUTE (ID, NAME, ONEWAY, END_ID, START_ID) VALUES (4747, 'neben G2 - Ausfahrt', 0, 4731, 4587);
INSERT INTO SCENARIO_ROUTE (ID, NAME, ONEWAY, END_ID, START_ID) VALUES (4748, 'HBF/G4 - Ost - Ausfahrt - Neben', 0, 4731, 126);
INSERT INTO SCENARIO_ROUTE (ID, NAME, ONEWAY, END_ID, START_ID) VALUES (4749, 'HBF/G4 - Ost - Einfahrt - Neben', 0, 621, 4489);
INSERT INTO SCENARIO_ROUTE (ID, NAME, ONEWAY, END_ID, START_ID) VALUES (6441, 'Burg Pendler Ausfahrt', 0, 6437, 6435);
INSERT INTO SCENARIO_ROUTE (ID, NAME, ONEWAY, END_ID, START_ID) VALUES (6448, 'Burg Pendler Einfahrt', 0, 6439, 6431);

INSERT INTO SCENARIO_ROUTE_GRID_POSITION (ROUTEENTITY_ID, WAYPOINTS_ID) VALUES (1531, 1314);
INSERT INTO SCENARIO_ROUTE_GRID_POSITION (ROUTEENTITY_ID, WAYPOINTS_ID) VALUES (655, 1314);
INSERT INTO SCENARIO_ROUTE_GRID_POSITION (ROUTEENTITY_ID, WAYPOINTS_ID) VALUES (1535, 1294);
INSERT INTO SCENARIO_ROUTE_GRID_POSITION (ROUTEENTITY_ID, WAYPOINTS_ID) VALUES (1536, 1294);


INSERT INTO SCENARIO_SEQUENCE (ID, ENDDELAYINSECONDS, POSITION, ROUTE_ID, SCENARIO_ID) VALUES (4768, 0, 0, 2966, 1541);
INSERT INTO SCENARIO_SEQUENCE (ID, ENDDELAYINSECONDS, POSITION, ROUTE_ID, SCENARIO_ID) VALUES (4769, 0, 1, 4744, 1541);
INSERT INTO SCENARIO_SEQUENCE (ID, ENDDELAYINSECONDS, POSITION, ROUTE_ID, SCENARIO_ID) VALUES (4770, 0, 2, 2961, 1541);
INSERT INTO SCENARIO_SEQUENCE (ID, ENDDELAYINSECONDS, POSITION, ROUTE_ID, SCENARIO_ID) VALUES (4771, 0, 0, 2959, 1631);
INSERT INTO SCENARIO_SEQUENCE (ID, ENDDELAYINSECONDS, POSITION, ROUTE_ID, SCENARIO_ID) VALUES (4772, 0, 1, 4745, 1631);
INSERT INTO SCENARIO_SEQUENCE (ID, ENDDELAYINSECONDS, POSITION, ROUTE_ID, SCENARIO_ID) VALUES (4773, 0, 2, 2963, 1631);
INSERT INTO SCENARIO_SEQUENCE (ID, ENDDELAYINSECONDS, POSITION, ROUTE_ID, SCENARIO_ID) VALUES (4774, 0, 0, 2960, 657);
INSERT INTO SCENARIO_SEQUENCE (ID, ENDDELAYINSECONDS, POSITION, ROUTE_ID, SCENARIO_ID) VALUES (4775, 0, 1, 4745, 657);
INSERT INTO SCENARIO_SEQUENCE (ID, ENDDELAYINSECONDS, POSITION, ROUTE_ID, SCENARIO_ID) VALUES (4776, 0, 2, 2964, 657);
INSERT INTO SCENARIO_SEQUENCE (ID, ENDDELAYINSECONDS, POSITION, ROUTE_ID, SCENARIO_ID) VALUES (4842, 0, 0, 3536, 1632);
INSERT INTO SCENARIO_SEQUENCE (ID, ENDDELAYINSECONDS, POSITION, ROUTE_ID, SCENARIO_ID) VALUES (4843, 0, 1, 3537, 1632);
INSERT INTO SCENARIO_SEQUENCE (ID, ENDDELAYINSECONDS, POSITION, ROUTE_ID, SCENARIO_ID) VALUES (4844, 0, 0, 2965, 1835);
INSERT INTO SCENARIO_SEQUENCE (ID, ENDDELAYINSECONDS, POSITION, ROUTE_ID, SCENARIO_ID) VALUES (4845, 0, 1, 4744, 1835);
INSERT INTO SCENARIO_SEQUENCE (ID, ENDDELAYINSECONDS, POSITION, ROUTE_ID, SCENARIO_ID) VALUES (4846, 0, 2, 2962, 1835);
INSERT INTO SCENARIO_SEQUENCE (ID, ENDDELAYINSECONDS, POSITION, ROUTE_ID, SCENARIO_ID) VALUES (6452, 0, 0, 6441, 6451);
INSERT INTO SCENARIO_SEQUENCE (ID, ENDDELAYINSECONDS, POSITION, ROUTE_ID, SCENARIO_ID) VALUES (6453, 0, 0, 6448, 6449);
INSERT INTO SCENARIO_SEQUENCE (ID, ENDDELAYINSECONDS, POSITION, ROUTE_ID, SCENARIO_ID) VALUES (3237, 0, 1, 3236, 1833);
INSERT INTO SCENARIO_SEQUENCE (ID, ENDDELAYINSECONDS, POSITION, ROUTE_ID, SCENARIO_ID) VALUES (3238, 0, 2, 3233, 1833);
INSERT INTO SCENARIO_SEQUENCE (ID, ENDDELAYINSECONDS, POSITION, ROUTE_ID, SCENARIO_ID) VALUES (3239, 0, 1, 3235, 659);
INSERT INTO SCENARIO_SEQUENCE (ID, ENDDELAYINSECONDS, POSITION, ROUTE_ID, SCENARIO_ID) VALUES (3240, 0, 2, 3234, 659);
INSERT INTO SCENARIO_SEQUENCE (ID, ENDDELAYINSECONDS, POSITION, ROUTE_ID, SCENARIO_ID) VALUES (3539, 0, 1, 3535, 1539);
INSERT INTO SCENARIO_SEQUENCE (ID, ENDDELAYINSECONDS, POSITION, ROUTE_ID, SCENARIO_ID) VALUES (3540, 0, 2, 3538, 1539);


