INSERT INTO APP.BUSDATA_CONFIG (ID, CONFIG_ADDRESS, CONFIG_BIT, CONFIG_BIT_STATE, CONFIG_BUS) VALUES (808, 11, 8, 1, 1);
INSERT INTO APP.BUSDATA_CONFIG (ID, CONFIG_ADDRESS, CONFIG_BIT, CONFIG_BIT_STATE, CONFIG_BUS) VALUES (809, 11, 8, 0, 1);
INSERT INTO APP.BUSDATA_CONFIG (ID, CONFIG_ADDRESS, CONFIG_BIT, CONFIG_BIT_STATE, CONFIG_BUS) VALUES (810, 11, 7, 1, 1);
INSERT INTO APP.BUSDATA_CONFIG (ID, CONFIG_ADDRESS, CONFIG_BIT, CONFIG_BIT_STATE, CONFIG_BUS) VALUES (942, 50, 6, 1, 1);
INSERT INTO APP.BUSDATA_CONFIG (ID, CONFIG_ADDRESS, CONFIG_BIT, CONFIG_BIT_STATE, CONFIG_BUS) VALUES (944, 50, 5, 1, 1);
INSERT INTO APP.BUSDATA_CONFIG (ID, CONFIG_ADDRESS, CONFIG_BIT, CONFIG_BIT_STATE, CONFIG_BUS) VALUES (946, 50, 4, 1, 1);
INSERT INTO APP.BUSDATA_CONFIG (ID, CONFIG_ADDRESS, CONFIG_BIT, CONFIG_BIT_STATE, CONFIG_BUS) VALUES (948, 50, 3, 1, 1);
INSERT INTO APP.BUSDATA_CONFIG (ID, CONFIG_ADDRESS, CONFIG_BIT, CONFIG_BIT_STATE, CONFIG_BUS) VALUES (950, 50, 2, 1, 1);
INSERT INTO APP.BUSDATA_CONFIG (ID, CONFIG_ADDRESS, CONFIG_BIT, CONFIG_BIT_STATE, CONFIG_BUS) VALUES (952, 50, 1, 1, 1);
INSERT INTO APP.BUSDATA_CONFIG (ID, CONFIG_ADDRESS, CONFIG_BIT, CONFIG_BIT_STATE, CONFIG_BUS) VALUES (954, 50, 7, 1, 1);
INSERT INTO APP.BUSDATA_CONFIG (ID, CONFIG_ADDRESS, CONFIG_BIT, CONFIG_BIT_STATE, CONFIG_BUS) VALUES (955, 11, 3, 1, 1);
INSERT INTO APP.BUSDATA_CONFIG (ID, CONFIG_ADDRESS, CONFIG_BIT, CONFIG_BIT_STATE, CONFIG_BUS) VALUES (956, 11, 3, 0, 1);
INSERT INTO APP.BUSDATA_CONFIG (ID, CONFIG_ADDRESS, CONFIG_BIT, CONFIG_BIT_STATE, CONFIG_BUS) VALUES (957, 12, 3, 1, 1);
INSERT INTO APP.BUSDATA_CONFIG (ID, CONFIG_ADDRESS, CONFIG_BIT, CONFIG_BIT_STATE, CONFIG_BUS) VALUES (958, 12, 3, 0, 1);
INSERT INTO APP.BUSDATA_CONFIG (ID, CONFIG_ADDRESS, CONFIG_BIT, CONFIG_BIT_STATE, CONFIG_BUS) VALUES (960, 11, 4, 1, 1);
INSERT INTO APP.BUSDATA_CONFIG (ID, CONFIG_ADDRESS, CONFIG_BIT, CONFIG_BIT_STATE, CONFIG_BUS) VALUES (962, 11, 5, 1, 1);
INSERT INTO APP.BUSDATA_CONFIG (ID, CONFIG_ADDRESS, CONFIG_BIT, CONFIG_BIT_STATE, CONFIG_BUS) VALUES (964, 11, 6, 1, 1);
INSERT INTO APP.BUSDATA_CONFIG (ID, CONFIG_ADDRESS, CONFIG_BIT, CONFIG_BIT_STATE, CONFIG_BUS) VALUES (966, 11, 1, 1, 1);
INSERT INTO APP.BUSDATA_CONFIG (ID, CONFIG_ADDRESS, CONFIG_BIT, CONFIG_BIT_STATE, CONFIG_BUS) VALUES (968, 11, 2, 1, 1);
INSERT INTO APP.BUSDATA_CONFIG (ID, CONFIG_ADDRESS, CONFIG_BIT, CONFIG_BIT_STATE, CONFIG_BUS)
VALUES (1002, 50, 8, 1, 1);
INSERT INTO APP.BUSDATA_CONFIG (ID, CONFIG_ADDRESS, CONFIG_BIT, CONFIG_BIT_STATE, CONFIG_BUS)
VALUES (1010, 53, 1, 1, 1);
INSERT INTO APP.BUSDATA_CONFIG (ID, CONFIG_ADDRESS, CONFIG_BIT, CONFIG_BIT_STATE, CONFIG_BUS)
VALUES (1101, 20, 5, 1, 1);
INSERT INTO APP.BUSDATA_CONFIG (ID, CONFIG_ADDRESS, CONFIG_BIT, CONFIG_BIT_STATE, CONFIG_BUS)
VALUES (1102, 20, 6, 1, 1);
INSERT INTO APP.BUSDATA_CONFIG (ID, CONFIG_ADDRESS, CONFIG_BIT, CONFIG_BIT_STATE, CONFIG_BUS)
VALUES (1104, 20, 2, 1, 1);
INSERT INTO APP.BUSDATA_CONFIG (ID, CONFIG_ADDRESS, CONFIG_BIT, CONFIG_BIT_STATE, CONFIG_BUS)
VALUES (1122, 20, 1, 1, 1);
INSERT INTO APP.BUSDATA_CONFIG (ID, CONFIG_ADDRESS, CONFIG_BIT, CONFIG_BIT_STATE, CONFIG_BUS)
VALUES (1124, 20, 4, 1, 1);
INSERT INTO APP.BUSDATA_CONFIG (ID, CONFIG_ADDRESS, CONFIG_BIT, CONFIG_BIT_STATE, CONFIG_BUS)
VALUES (1201, 53, 7, 1, 1);
INSERT INTO APP.BUSDATA_CONFIG (ID, CONFIG_ADDRESS, CONFIG_BIT, CONFIG_BIT_STATE, CONFIG_BUS)
VALUES (1202, 53, 8, 1, 1);
INSERT INTO APP.BUSDATA_CONFIG (ID, CONFIG_ADDRESS, CONFIG_BIT, CONFIG_BIT_STATE, CONFIG_BUS)
VALUES (1210, 53, 7, 1, 1);
INSERT INTO APP.BUSDATA_CONFIG (ID, CONFIG_ADDRESS, CONFIG_BIT, CONFIG_BIT_STATE, CONFIG_BUS)
VALUES (1211, 53, 8, 1, 1);
INSERT INTO APP.BUSDATA_CONFIG (ID, CONFIG_ADDRESS, CONFIG_BIT, CONFIG_BIT_STATE, CONFIG_BUS)
VALUES (1802, 59, 1, 1, 1);
INSERT INTO APP.BUSDATA_CONFIG (ID, CONFIG_ADDRESS, CONFIG_BIT, CONFIG_BIT_STATE, CONFIG_BUS)
VALUES (1804, 59, 2, 1, 1);
INSERT INTO APP.BUSDATA_CONFIG (ID, CONFIG_ADDRESS, CONFIG_BIT, CONFIG_BIT_STATE, CONFIG_BUS)
VALUES (1806, 59, 3, 1, 1);
INSERT INTO APP.BUSDATA_CONFIG (ID, CONFIG_ADDRESS, CONFIG_BIT, CONFIG_BIT_STATE, CONFIG_BUS)
VALUES (1808, 59, 4, 1, 1);
INSERT INTO APP.BUSDATA_CONFIG (ID, CONFIG_ADDRESS, CONFIG_BIT, CONFIG_BIT_STATE, CONFIG_BUS)
VALUES (1810, 59, 5, 1, 1);
INSERT INTO APP.BUSDATA_CONFIG (ID, CONFIG_ADDRESS, CONFIG_BIT, CONFIG_BIT_STATE, CONFIG_BUS)
VALUES (1812, 59, 6, 1, 1);
INSERT INTO APP.BUSDATA_CONFIG (ID, CONFIG_ADDRESS, CONFIG_BIT, CONFIG_BIT_STATE, CONFIG_BUS)
VALUES (1814, 59, 7, 1, 1);
INSERT INTO APP.BUSDATA_CONFIG (ID, CONFIG_ADDRESS, CONFIG_BIT, CONFIG_BIT_STATE, CONFIG_BUS)
VALUES (1816, 59, 8, 1, 1);
INSERT INTO APP.BUSDATA_CONFIG (ID, CONFIG_ADDRESS, CONFIG_BIT, CONFIG_BIT_STATE, CONFIG_BUS)
VALUES (1902, 53, 5, 1, 1);
INSERT INTO APP.BUSDATA_CONFIG (ID, CONFIG_ADDRESS, CONFIG_BIT, CONFIG_BIT_STATE, CONFIG_BUS)
VALUES (1904, 53, 2, 1, 1);
INSERT INTO APP.BUSDATA_CONFIG (ID, CONFIG_ADDRESS, CONFIG_BIT, CONFIG_BIT_STATE, CONFIG_BUS)
VALUES (1906, 53, 3, 1, 1);
INSERT INTO APP.BUSDATA_CONFIG (ID, CONFIG_ADDRESS, CONFIG_BIT, CONFIG_BIT_STATE, CONFIG_BUS)
VALUES (1908, 53, 6, 1, 1);
INSERT INTO APP.BUSDATA_CONFIG (ID, CONFIG_ADDRESS, CONFIG_BIT, CONFIG_BIT_STATE, CONFIG_BUS)
VALUES (1910, 53, 4, 1, 1);
INSERT INTO APP.BUSDATA_CONFIG (ID, CONFIG_ADDRESS, CONFIG_BIT, CONFIG_BIT_STATE, CONFIG_BUS)
VALUES (2101, 21, 3, NULL, NULL);
INSERT INTO APP.BUSDATA_CONFIG (ID, CONFIG_ADDRESS, CONFIG_BIT, CONFIG_BIT_STATE, CONFIG_BUS)
VALUES (2413, NULL, 1, 0, 1);
INSERT INTO APP.BUSDATA_CONFIG (ID, CONFIG_ADDRESS, CONFIG_BIT, CONFIG_BIT_STATE, CONFIG_BUS)
VALUES (2414, NULL, 1, 0, 1);
INSERT INTO APP.BUSDATA_CONFIG (ID, CONFIG_ADDRESS, CONFIG_BIT, CONFIG_BIT_STATE, CONFIG_BUS)
VALUES (2415, NULL, 1, 0, 1);
INSERT INTO APP.BUSDATA_CONFIG (ID, CONFIG_ADDRESS, CONFIG_BIT, CONFIG_BIT_STATE, CONFIG_BUS)
VALUES (2416, NULL, 1, 0, 1);
INSERT INTO APP.BUSDATA_CONFIG (ID, CONFIG_ADDRESS, CONFIG_BIT, CONFIG_BIT_STATE, CONFIG_BUS)
VALUES (2417, NULL, 1, 0, 1);
INSERT INTO APP.BUSDATA_CONFIG (ID, CONFIG_ADDRESS, CONFIG_BIT, CONFIG_BIT_STATE, CONFIG_BUS)
VALUES (2418, NULL, 1, 0, 1);
INSERT INTO APP.BUSDATA_CONFIG (ID, CONFIG_ADDRESS, CONFIG_BIT, CONFIG_BIT_STATE, CONFIG_BUS)
VALUES (2419, NULL, 1, 0, 1);
INSERT INTO APP.BUSDATA_CONFIG (ID, CONFIG_ADDRESS, CONFIG_BIT, CONFIG_BIT_STATE, CONFIG_BUS)
VALUES (2420, NULL, 1, 0, 1);
INSERT INTO APP.BUSDATA_CONFIG (ID, CONFIG_ADDRESS, CONFIG_BIT, CONFIG_BIT_STATE, CONFIG_BUS)
VALUES (2421, NULL, 1, 0, 1);
INSERT INTO APP.BUSDATA_CONFIG (ID, CONFIG_ADDRESS, CONFIG_BIT, CONFIG_BIT_STATE, CONFIG_BUS)
VALUES (2422, NULL, 1, 0, 1);
INSERT INTO APP.BUSDATA_CONFIG (ID, CONFIG_ADDRESS, CONFIG_BIT, CONFIG_BIT_STATE, CONFIG_BUS)
VALUES (2423, NULL, 1, 0, 1);
INSERT INTO APP.BUSDATA_CONFIG (ID, CONFIG_ADDRESS, CONFIG_BIT, CONFIG_BIT_STATE, CONFIG_BUS)
VALUES (2424, NULL, 1, 0, 1);
INSERT INTO APP.BUSDATA_CONFIG (ID, CONFIG_ADDRESS, CONFIG_BIT, CONFIG_BIT_STATE, CONFIG_BUS)
VALUES (2425, NULL, 1, 0, 1);
INSERT INTO APP.BUSDATA_CONFIG (ID, CONFIG_ADDRESS, CONFIG_BIT, CONFIG_BIT_STATE, CONFIG_BUS)
VALUES (2426, NULL, 1, 0, 1);
INSERT INTO APP.BUSDATA_CONFIG (ID, CONFIG_ADDRESS, CONFIG_BIT, CONFIG_BIT_STATE, CONFIG_BUS)
VALUES (2427, NULL, 1, 0, 1);
INSERT INTO APP.BUSDATA_CONFIG (ID, CONFIG_ADDRESS, CONFIG_BIT, CONFIG_BIT_STATE, CONFIG_BUS)
VALUES (2428, NULL, 1, 0, 1);
INSERT INTO APP.BUSDATA_CONFIG (ID, CONFIG_ADDRESS, CONFIG_BIT, CONFIG_BIT_STATE, CONFIG_BUS)
VALUES (2429, NULL, 1, 0, 1);
INSERT INTO APP.BUSDATA_CONFIG (ID, CONFIG_ADDRESS, CONFIG_BIT, CONFIG_BIT_STATE, CONFIG_BUS)
VALUES (2430, NULL, 1, 0, 1);
INSERT INTO APP.BUSDATA_CONFIG (ID, CONFIG_ADDRESS, CONFIG_BIT, CONFIG_BIT_STATE, CONFIG_BUS)
VALUES (2431, NULL, 1, 0, 1);
INSERT INTO APP.BUSDATA_CONFIG (ID, CONFIG_ADDRESS, CONFIG_BIT, CONFIG_BIT_STATE, CONFIG_BUS)
VALUES (2432, NULL, 1, 0, 1);
INSERT INTO APP.BUSDATA_CONFIG (ID, CONFIG_ADDRESS, CONFIG_BIT, CONFIG_BIT_STATE, CONFIG_BUS)
VALUES (2433, NULL, 1, 0, 1);
INSERT INTO APP.BUSDATA_CONFIG (ID, CONFIG_ADDRESS, CONFIG_BIT, CONFIG_BIT_STATE, CONFIG_BUS)
VALUES (2434, NULL, 1, 0, 1);
INSERT INTO APP.BUSDATA_CONFIG (ID, CONFIG_ADDRESS, CONFIG_BIT, CONFIG_BIT_STATE, CONFIG_BUS)
VALUES (2435, NULL, 1, 0, 1);
INSERT INTO APP.BUSDATA_CONFIG (ID, CONFIG_ADDRESS, CONFIG_BIT, CONFIG_BIT_STATE, CONFIG_BUS)
VALUES (2436, NULL, 1, 0, 1);
INSERT INTO APP.BUSDATA_CONFIG (ID, CONFIG_ADDRESS, CONFIG_BIT, CONFIG_BIT_STATE, CONFIG_BUS)
VALUES (2437, NULL, 1, 0, 1);
INSERT INTO APP.BUSDATA_CONFIG (ID, CONFIG_ADDRESS, CONFIG_BIT, CONFIG_BIT_STATE, CONFIG_BUS)
VALUES (2438, NULL, 1, 0, 1);
INSERT INTO APP.BUSDATA_CONFIG (ID, CONFIG_ADDRESS, CONFIG_BIT, CONFIG_BIT_STATE, CONFIG_BUS)
VALUES (2439, NULL, 1, 0, 1);
INSERT INTO APP.BUSDATA_CONFIG (ID, CONFIG_ADDRESS, CONFIG_BIT, CONFIG_BIT_STATE, CONFIG_BUS)
VALUES (2440, NULL, 1, 0, 1);
INSERT INTO APP.BUSDATA_CONFIG (ID, CONFIG_ADDRESS, CONFIG_BIT, CONFIG_BIT_STATE, CONFIG_BUS)
VALUES (2441, NULL, 1, 0, 1);
INSERT INTO APP.BUSDATA_CONFIG (ID, CONFIG_ADDRESS, CONFIG_BIT, CONFIG_BIT_STATE, CONFIG_BUS)
VALUES (2442, NULL, 1, 0, 1);
INSERT INTO APP.BUSDATA_CONFIG (ID, CONFIG_ADDRESS, CONFIG_BIT, CONFIG_BIT_STATE, CONFIG_BUS)
VALUES (2501, 20, 7, 1, 1);
INSERT INTO APP.BUSDATA_CONFIG (ID, CONFIG_ADDRESS, CONFIG_BIT, CONFIG_BIT_STATE, CONFIG_BUS)
VALUES (2502, 20, 7, 0, 1);
INSERT INTO APP.BUSDATA_CONFIG (ID, CONFIG_ADDRESS, CONFIG_BIT, CONFIG_BIT_STATE, CONFIG_BUS)
VALUES (2503, 20, 7, 0, 1);
INSERT INTO APP.BUSDATA_CONFIG (ID, CONFIG_ADDRESS, CONFIG_BIT, CONFIG_BIT_STATE, CONFIG_BUS)
VALUES (2504, NULL, 1, 0, 1);
INSERT INTO APP.BUSDATA_CONFIG (ID, CONFIG_ADDRESS, CONFIG_BIT, CONFIG_BIT_STATE, CONFIG_BUS)
VALUES (2505, NULL, 1, 0, 1);
INSERT INTO APP.BUSDATA_CONFIG (ID, CONFIG_ADDRESS, CONFIG_BIT, CONFIG_BIT_STATE, CONFIG_BUS)
VALUES (2506, 20, 8, 1, 1);
INSERT INTO APP.BUSDATA_CONFIG (ID, CONFIG_ADDRESS, CONFIG_BIT, CONFIG_BIT_STATE, CONFIG_BUS)
VALUES (2507, 20, 8, 0, 1);
INSERT INTO APP.BUSDATA_CONFIG (ID, CONFIG_ADDRESS, CONFIG_BIT, CONFIG_BIT_STATE, CONFIG_BUS)
VALUES (2508, 20, 8, 0, 1);
INSERT INTO APP.BUSDATA_CONFIG (ID, CONFIG_ADDRESS, CONFIG_BIT, CONFIG_BIT_STATE, CONFIG_BUS)
VALUES (2509, NULL, 1, 0, 1);
INSERT INTO APP.BUSDATA_CONFIG (ID, CONFIG_ADDRESS, CONFIG_BIT, CONFIG_BIT_STATE, CONFIG_BUS)
VALUES (2510, NULL, 1, 0, 1);
INSERT INTO APP.BUSDATA_CONFIG (ID, CONFIG_ADDRESS, CONFIG_BIT, CONFIG_BIT_STATE, CONFIG_BUS)
VALUES (2511, NULL, 1, 0, 1);
INSERT INTO APP.BUSDATA_CONFIG (ID, CONFIG_ADDRESS, CONFIG_BIT, CONFIG_BIT_STATE, CONFIG_BUS)
VALUES (2512, NULL, 1, 0, 1);
INSERT INTO APP.BUSDATA_CONFIG (ID, CONFIG_ADDRESS, CONFIG_BIT, CONFIG_BIT_STATE, CONFIG_BUS)
VALUES (2513, NULL, 1, 0, 1);
INSERT INTO APP.BUSDATA_CONFIG (ID, CONFIG_ADDRESS, CONFIG_BIT, CONFIG_BIT_STATE, CONFIG_BUS)
VALUES (2514, NULL, 1, 0, 1);
INSERT INTO APP.BUSDATA_CONFIG (ID, CONFIG_ADDRESS, CONFIG_BIT, CONFIG_BIT_STATE, CONFIG_BUS)
VALUES (2515, NULL, 1, 0, 1);
INSERT INTO APP.BUSDATA_CONFIG (ID, CONFIG_ADDRESS, CONFIG_BIT, CONFIG_BIT_STATE, CONFIG_BUS)
VALUES (2516, NULL, 1, 0, 1);
INSERT INTO APP.BUSDATA_CONFIG (ID, CONFIG_ADDRESS, CONFIG_BIT, CONFIG_BIT_STATE, CONFIG_BUS)
VALUES (2517, NULL, 1, 0, 1);
INSERT INTO APP.BUSDATA_CONFIG (ID, CONFIG_ADDRESS, CONFIG_BIT, CONFIG_BIT_STATE, CONFIG_BUS)
VALUES (3101, NULL, 1, 0, 1);
INSERT INTO APP.BUSDATA_CONFIG (ID, CONFIG_ADDRESS, CONFIG_BIT, CONFIG_BIT_STATE, CONFIG_BUS)
VALUES (3102, NULL, 1, 0, 1);
INSERT INTO APP.BUSDATA_CONFIG (ID, CONFIG_ADDRESS, CONFIG_BIT, CONFIG_BIT_STATE, CONFIG_BUS)
VALUES (3103, NULL, 1, 0, 1);


INSERT INTO APP.DEVICE_INFO (ID, DEVICE_KEY, TYPE) VALUES (989, '/dev/ttyUSB0', 0);
INSERT INTO APP.DEVICE_INFO (ID, DEVICE_KEY, TYPE) VALUES (1401, '/dev/tty.usbserial-142', 0);
INSERT INTO APP.DEVICE_INFO (ID, DEVICE_KEY, TYPE) VALUES (1701, 'test', 1);
INSERT INTO APP.DEVICE_INFO (ID, DEVICE_KEY, TYPE) VALUES (2201, '/dev/tty.usbserial-1423', 0);

INSERT INTO APP.CONSTRUCTION (ID, NAME) VALUES (1, 'Dresden');

INSERT INTO APP.EVENT_CONFIG (ID, STATEOFFCONFIG_ID, STATEONCONFIG_ID) VALUES (959, NULL, NULL);
INSERT INTO APP.EVENT_CONFIG (ID, STATEOFFCONFIG_ID, STATEONCONFIG_ID) VALUES (961, NULL, NULL);
INSERT INTO APP.EVENT_CONFIG (ID, STATEOFFCONFIG_ID, STATEONCONFIG_ID) VALUES (963, NULL, NULL);
INSERT INTO APP.EVENT_CONFIG (ID, STATEOFFCONFIG_ID, STATEONCONFIG_ID) VALUES (965, NULL, NULL);
INSERT INTO APP.EVENT_CONFIG (ID, STATEOFFCONFIG_ID, STATEONCONFIG_ID) VALUES (967, NULL, NULL);
INSERT INTO APP.EVENT_CONFIG (ID, STATEOFFCONFIG_ID, STATEONCONFIG_ID) VALUES (1007, NULL, NULL);
INSERT INTO APP.EVENT_CONFIG (ID, STATEOFFCONFIG_ID, STATEONCONFIG_ID) VALUES (1008, NULL, NULL);
INSERT INTO APP.EVENT_CONFIG (ID, STATEOFFCONFIG_ID, STATEONCONFIG_ID) VALUES (1011, NULL, NULL);
INSERT INTO APP.EVENT_CONFIG (ID, STATEOFFCONFIG_ID, STATEONCONFIG_ID) VALUES (1012, NULL, NULL);
INSERT INTO APP.EVENT_CONFIG (ID, STATEOFFCONFIG_ID, STATEONCONFIG_ID) VALUES (1103, NULL, NULL);
INSERT INTO APP.EVENT_CONFIG (ID, STATEOFFCONFIG_ID, STATEONCONFIG_ID) VALUES (1121, NULL, NULL);
INSERT INTO APP.EVENT_CONFIG (ID, STATEOFFCONFIG_ID, STATEONCONFIG_ID) VALUES (1123, NULL, NULL);
INSERT INTO APP.EVENT_CONFIG (ID, STATEOFFCONFIG_ID, STATEONCONFIG_ID) VALUES (1207, NULL, NULL);

INSERT INTO APP.GRID_POSITION (ID, X, Y) VALUES (4, 8, 1);
INSERT INTO APP.GRID_POSITION (ID, X, Y) VALUES (6, 8, 2);
INSERT INTO APP.GRID_POSITION (ID, X, Y) VALUES (8, 8, 4);
INSERT INTO APP.GRID_POSITION (ID, X, Y) VALUES (10, 8, 3);
INSERT INTO APP.GRID_POSITION (ID, X, Y) VALUES (721, 8, 9);
INSERT INTO APP.GRID_POSITION (ID, X, Y) VALUES (723, 8, 16);
INSERT INTO APP.GRID_POSITION (ID, X, Y) VALUES (725, 9, 16);
INSERT INTO APP.GRID_POSITION (ID, X, Y) VALUES (727, 10, 16);
INSERT INTO APP.GRID_POSITION (ID, X, Y) VALUES (729, 11, 16);
INSERT INTO APP.GRID_POSITION (ID, X, Y) VALUES (731, 12, 16);
INSERT INTO APP.GRID_POSITION (ID, X, Y) VALUES (733, 13, 16);
INSERT INTO APP.GRID_POSITION (ID, X, Y) VALUES (735, 14, 16);
INSERT INTO APP.GRID_POSITION (ID, X, Y) VALUES (737, 16, 16);
INSERT INTO APP.GRID_POSITION (ID, X, Y) VALUES (739, 13, 10);
INSERT INTO APP.GRID_POSITION (ID, X, Y) VALUES (749, 9, 9);
INSERT INTO APP.GRID_POSITION (ID, X, Y) VALUES (751, 8, 10);
INSERT INTO APP.GRID_POSITION (ID, X, Y) VALUES (753, 9, 10);
INSERT INTO APP.GRID_POSITION (ID, X, Y) VALUES (755, 8, 11);
INSERT INTO APP.GRID_POSITION (ID, X, Y) VALUES (757, 9, 11);
INSERT INTO APP.GRID_POSITION (ID, X, Y) VALUES (759, 8, 12);
INSERT INTO APP.GRID_POSITION (ID, X, Y) VALUES (761, 9, 12);
INSERT INTO APP.GRID_POSITION (ID, X, Y) VALUES (763, 8, 13);
INSERT INTO APP.GRID_POSITION (ID, X, Y) VALUES (765, 9, 13);
INSERT INTO APP.GRID_POSITION (ID, X, Y) VALUES (767, 8, 14);
INSERT INTO APP.GRID_POSITION (ID, X, Y) VALUES (769, 9, 14);
INSERT INTO APP.GRID_POSITION (ID, X, Y) VALUES (771, 10, 9);
INSERT INTO APP.GRID_POSITION (ID, X, Y) VALUES (773, 12, 9);
INSERT INTO APP.GRID_POSITION (ID, X, Y) VALUES (775, 11, 10);
INSERT INTO APP.GRID_POSITION (ID, X, Y) VALUES (777, 12, 10);
INSERT INTO APP.GRID_POSITION (ID, X, Y) VALUES (785, 13, 14);
INSERT INTO APP.GRID_POSITION (ID, X, Y) VALUES (787, 13, 11);
INSERT INTO APP.GRID_POSITION (ID, X, Y) VALUES (789, 10, 10);
INSERT INTO APP.GRID_POSITION (ID, X, Y) VALUES (791, 11, 9);
INSERT INTO APP.GRID_POSITION (ID, X, Y) VALUES (793, 11, 12);
INSERT INTO APP.GRID_POSITION (ID, X, Y) VALUES (795, 10, 12);
INSERT INTO APP.GRID_POSITION (ID, X, Y) VALUES (797, 10, 13);
INSERT INTO APP.GRID_POSITION (ID, X, Y) VALUES (799, 10, 14);
INSERT INTO APP.GRID_POSITION (ID, X, Y) VALUES (801, 10, 11);
INSERT INTO APP.GRID_POSITION (ID, X, Y) VALUES (803, 11, 11);
INSERT INTO APP.GRID_POSITION (ID, X, Y) VALUES (807, 19, 3);
INSERT INTO APP.GRID_POSITION (ID, X, Y) VALUES (902, 15, 16);
INSERT INTO APP.GRID_POSITION (ID, X, Y) VALUES (611, 12, 2);
INSERT INTO APP.GRID_POSITION (ID, X, Y) VALUES (613, 13, 2);
INSERT INTO APP.GRID_POSITION (ID, X, Y) VALUES (615, 12, 3);
INSERT INTO APP.GRID_POSITION (ID, X, Y) VALUES (617, 11, 4);
INSERT INTO APP.GRID_POSITION (ID, X, Y) VALUES (619, 12, 4);
INSERT INTO APP.GRID_POSITION (ID, X, Y) VALUES (621, 13, 3);
INSERT INTO APP.GRID_POSITION (ID, X, Y) VALUES (623, 12, 1);
INSERT INTO APP.GRID_POSITION (ID, X, Y) VALUES (625, 11, 1);
INSERT INTO APP.GRID_POSITION (ID, X, Y) VALUES (627, 11, 2);
INSERT INTO APP.GRID_POSITION (ID, X, Y) VALUES (631, 10, 4);
INSERT INTO APP.GRID_POSITION (ID, X, Y) VALUES (633, 10, 3);
INSERT INTO APP.GRID_POSITION (ID, X, Y) VALUES (635, 10, 2);
INSERT INTO APP.GRID_POSITION (ID, X, Y) VALUES (637, 10, 1);
INSERT INTO APP.GRID_POSITION (ID, X, Y) VALUES (639, 9, 4);
INSERT INTO APP.GRID_POSITION (ID, X, Y) VALUES (641, 9, 3);
INSERT INTO APP.GRID_POSITION (ID, X, Y) VALUES (643, 9, 2);
INSERT INTO APP.GRID_POSITION (ID, X, Y) VALUES (645, 9, 1);
INSERT INTO APP.GRID_POSITION (ID, X, Y) VALUES (647, 14, 2);
INSERT INTO APP.GRID_POSITION (ID, X, Y) VALUES (649, 15, 2);
INSERT INTO APP.GRID_POSITION (ID, X, Y) VALUES (651, 19, 2);
INSERT INTO APP.GRID_POSITION (ID, X, Y) VALUES (653, 16, 2);
INSERT INTO APP.GRID_POSITION (ID, X, Y) VALUES (655, 17, 2);
INSERT INTO APP.GRID_POSITION (ID, X, Y) VALUES (657, 18, 2);
INSERT INTO APP.GRID_POSITION (ID, X, Y) VALUES (659, 19, 6);
INSERT INTO APP.GRID_POSITION (ID, X, Y) VALUES (661, 19, 7);
INSERT INTO APP.GRID_POSITION (ID, X, Y) VALUES (663, 16, 12);
INSERT INTO APP.GRID_POSITION (ID, X, Y) VALUES (665, 16, 13);
INSERT INTO APP.GRID_POSITION (ID, X, Y) VALUES (667, 16, 15);
INSERT INTO APP.GRID_POSITION (ID, X, Y) VALUES (669, 19, 5);
INSERT INTO APP.GRID_POSITION (ID, X, Y) VALUES (671, 19, 4);
INSERT INTO APP.GRID_POSITION (ID, X, Y) VALUES (679, 6, 10);
INSERT INTO APP.GRID_POSITION (ID, X, Y) VALUES (681, 6, 12);
INSERT INTO APP.GRID_POSITION (ID, X, Y) VALUES (683, 6, 13);
INSERT INTO APP.GRID_POSITION (ID, X, Y) VALUES (685, 6, 14);
INSERT INTO APP.GRID_POSITION (ID, X, Y) VALUES (687, 7, 16);
INSERT INTO APP.GRID_POSITION (ID, X, Y) VALUES (689, 6, 9);
INSERT INTO APP.GRID_POSITION (ID, X, Y) VALUES (691, 13, 9);
INSERT INTO APP.GRID_POSITION (ID, X, Y) VALUES (693, 14, 9);
INSERT INTO APP.GRID_POSITION (ID, X, Y) VALUES (695, 16, 9);
INSERT INTO APP.GRID_POSITION (ID, X, Y) VALUES (697, 15, 7);
INSERT INTO APP.GRID_POSITION (ID, X, Y) VALUES (699, 15, 8);
INSERT INTO APP.GRID_POSITION (ID, X, Y) VALUES (701, 15, 9);
INSERT INTO APP.GRID_POSITION (ID, X, Y) VALUES (703, 17, 9);
INSERT INTO APP.GRID_POSITION (ID, X, Y) VALUES (705, 19, 8);
INSERT INTO APP.GRID_POSITION (ID, X, Y) VALUES (707, 19, 9);
INSERT INTO APP.GRID_POSITION (ID, X, Y) VALUES (709, 18, 9);
INSERT INTO APP.GRID_POSITION (ID, X, Y) VALUES (711, 16, 10);
INSERT INTO APP.GRID_POSITION (ID, X, Y) VALUES (713, 16, 11);
INSERT INTO APP.GRID_POSITION (ID, X, Y) VALUES (715, 16, 14);
INSERT INTO APP.GRID_POSITION (ID, X, Y) VALUES (717, 15, 6);
INSERT INTO APP.GRID_POSITION (ID, X, Y) VALUES (719, 6, 11);
INSERT INTO APP.GRID_POSITION (ID, X, Y) VALUES (1110, 12, 14);
INSERT INTO APP.GRID_POSITION (ID, X, Y) VALUES (1112, 13, 12);
INSERT INTO APP.GRID_POSITION (ID, X, Y) VALUES (1114, 13, 13);
INSERT INTO APP.GRID_POSITION (ID, X, Y) VALUES (1116, 11, 14);
INSERT INTO APP.GRID_POSITION (ID, X, Y) VALUES (1118, 11, 13);
INSERT INTO APP.GRID_POSITION (ID, X, Y) VALUES (1120, 12, 12);
INSERT INTO APP.GRID_POSITION (ID, X, Y) VALUES (1209, 11, 3);
INSERT INTO APP.GRID_POSITION (ID, X, Y) VALUES (1302, 12, 13);
INSERT INTO APP.GRID_POSITION (ID, X, Y) VALUES (2402, 7, 9);
INSERT INTO APP.GRID_POSITION (ID, X, Y) VALUES (2404, 7, 10);
INSERT INTO APP.GRID_POSITION (ID, X, Y) VALUES (2406, 7, 11);
INSERT INTO APP.GRID_POSITION (ID, X, Y) VALUES (2408, 7, 12);
INSERT INTO APP.GRID_POSITION (ID, X, Y) VALUES (2410, 7, 13);
INSERT INTO APP.GRID_POSITION (ID, X, Y) VALUES (2412, 7, 14);

INSERT INTO APP.TRACK_BLOCK (ID, NAME, BLOCKFUNCTION_ID, CONSTRUCTION_ID, BACKWARDTARGETDRIVINGLEVEL, DRIVINGLEVELADJUSTTYPE, FORWARDTARGETDRIVINGLEVEL)
VALUES (941, 'SBH G1', 942, 1, 0, 1, 0);
INSERT INTO APP.TRACK_BLOCK (ID, NAME, BLOCKFUNCTION_ID, CONSTRUCTION_ID, BACKWARDTARGETDRIVINGLEVEL, DRIVINGLEVELADJUSTTYPE, FORWARDTARGETDRIVINGLEVEL)
VALUES (943, 'SBH G2', 944, 1, 0, 1, 0);
INSERT INTO APP.TRACK_BLOCK (ID, NAME, BLOCKFUNCTION_ID, CONSTRUCTION_ID, BACKWARDTARGETDRIVINGLEVEL, DRIVINGLEVELADJUSTTYPE, FORWARDTARGETDRIVINGLEVEL)
VALUES (945, 'SBH G3', 946, 1, 0, 1, 0);
INSERT INTO APP.TRACK_BLOCK (ID, NAME, BLOCKFUNCTION_ID, CONSTRUCTION_ID, BACKWARDTARGETDRIVINGLEVEL, DRIVINGLEVELADJUSTTYPE, FORWARDTARGETDRIVINGLEVEL)
VALUES (947, 'SBH G4', 948, 1, 0, 1, 0);
INSERT INTO APP.TRACK_BLOCK (ID, NAME, BLOCKFUNCTION_ID, CONSTRUCTION_ID, BACKWARDTARGETDRIVINGLEVEL, DRIVINGLEVELADJUSTTYPE, FORWARDTARGETDRIVINGLEVEL)
VALUES (949, 'SBH G5', 950, 1, 0, 1, 0);
INSERT INTO APP.TRACK_BLOCK (ID, NAME, BLOCKFUNCTION_ID, CONSTRUCTION_ID, BACKWARDTARGETDRIVINGLEVEL, DRIVINGLEVELADJUSTTYPE, FORWARDTARGETDRIVINGLEVEL)
VALUES (951, 'SBH G6', 952, 1, 0, 1, 0);
INSERT INTO APP.TRACK_BLOCK (ID, NAME, BLOCKFUNCTION_ID, CONSTRUCTION_ID, BACKWARDTARGETDRIVINGLEVEL, DRIVINGLEVELADJUSTTYPE, FORWARDTARGETDRIVINGLEVEL)
VALUES (953, 'SBH Ausfahrt', 954, 1, 11, 1, 11);
INSERT INTO APP.TRACK_BLOCK (ID, NAME, BLOCKFUNCTION_ID, CONSTRUCTION_ID, BACKWARDTARGETDRIVINGLEVEL, DRIVINGLEVELADJUSTTYPE, FORWARDTARGETDRIVINGLEVEL)
VALUES (1001, 'Durchfahrt', 1002, 1, 0, 1, 0);
INSERT INTO APP.TRACK_BLOCK (ID, NAME, BLOCKFUNCTION_ID, CONSTRUCTION_ID, BACKWARDTARGETDRIVINGLEVEL, DRIVINGLEVELADJUSTTYPE, FORWARDTARGETDRIVINGLEVEL)
VALUES (1005, 'Hafen 1', 1210, 1, 5, 1, 5);
INSERT INTO APP.TRACK_BLOCK (ID, NAME, BLOCKFUNCTION_ID, CONSTRUCTION_ID, BACKWARDTARGETDRIVINGLEVEL, DRIVINGLEVELADJUSTTYPE, FORWARDTARGETDRIVINGLEVEL)
VALUES (1006, 'Hafen 2', 1211, 1, 0, 1, 0);
INSERT INTO APP.TRACK_BLOCK (ID, NAME, BLOCKFUNCTION_ID, CONSTRUCTION_ID, BACKWARDTARGETDRIVINGLEVEL, DRIVINGLEVELADJUSTTYPE, FORWARDTARGETDRIVINGLEVEL)
VALUES (1009, 'HBF Ausfahrt', 1010, 1, 8, 1, 8);
INSERT INTO APP.TRACK_BLOCK (ID, NAME, BLOCKFUNCTION_ID, CONSTRUCTION_ID, BACKWARDTARGETDRIVINGLEVEL, DRIVINGLEVELADJUSTTYPE, FORWARDTARGETDRIVINGLEVEL)
VALUES (1801, 'HBF - G1 - Aus/Stop', 1802, 1, 0, 1, 0);
INSERT INTO APP.TRACK_BLOCK (ID, NAME, BLOCKFUNCTION_ID, CONSTRUCTION_ID, BACKWARDTARGETDRIVINGLEVEL, DRIVINGLEVELADJUSTTYPE, FORWARDTARGETDRIVINGLEVEL)
VALUES (1803, 'HBF - G1 - Aus/Bremsen', 1804, 1, 6, 1, 6);
INSERT INTO APP.TRACK_BLOCK (ID, NAME, BLOCKFUNCTION_ID, CONSTRUCTION_ID, BACKWARDTARGETDRIVINGLEVEL, DRIVINGLEVELADJUSTTYPE, FORWARDTARGETDRIVINGLEVEL)
VALUES (1805, 'HBF - G2 - Aus/Stop', 1806, 1, 0, 1, 0);
INSERT INTO APP.TRACK_BLOCK (ID, NAME, BLOCKFUNCTION_ID, CONSTRUCTION_ID, BACKWARDTARGETDRIVINGLEVEL, DRIVINGLEVELADJUSTTYPE, FORWARDTARGETDRIVINGLEVEL)
VALUES (1807, 'HBF - G2 - Aus/Bremsen', 1808, 1, 6, 1, 6);
INSERT INTO APP.TRACK_BLOCK (ID, NAME, BLOCKFUNCTION_ID, CONSTRUCTION_ID, BACKWARDTARGETDRIVINGLEVEL, DRIVINGLEVELADJUSTTYPE, FORWARDTARGETDRIVINGLEVEL)
VALUES (1809, 'HBF - G3 - Aus/Stop', 1810, 1, 0, 1, 0);
INSERT INTO APP.TRACK_BLOCK (ID, NAME, BLOCKFUNCTION_ID, CONSTRUCTION_ID, BACKWARDTARGETDRIVINGLEVEL, DRIVINGLEVELADJUSTTYPE, FORWARDTARGETDRIVINGLEVEL)
VALUES (1811, 'HBF - G3 - Aus/Bremsen', 1812, 1, 6, 1, 6);
INSERT INTO APP.TRACK_BLOCK (ID, NAME, BLOCKFUNCTION_ID, CONSTRUCTION_ID, BACKWARDTARGETDRIVINGLEVEL, DRIVINGLEVELADJUSTTYPE, FORWARDTARGETDRIVINGLEVEL)
VALUES (1813, 'HBF - G4 - Aus/Stop', 1814, 1, 0, 1, 0);
INSERT INTO APP.TRACK_BLOCK (ID, NAME, BLOCKFUNCTION_ID, CONSTRUCTION_ID, BACKWARDTARGETDRIVINGLEVEL, DRIVINGLEVELADJUSTTYPE, FORWARDTARGETDRIVINGLEVEL)
VALUES (1815, 'HBF - G4 - Aus/Bremsen', 1816, 1, 6, 1, 6);
INSERT INTO APP.TRACK_BLOCK (ID, NAME, BLOCKFUNCTION_ID, CONSTRUCTION_ID, BACKWARDTARGETDRIVINGLEVEL, DRIVINGLEVELADJUSTTYPE, FORWARDTARGETDRIVINGLEVEL)
VALUES (1901, 'HBF Ausfahrt - Signal/Stop', 1902, 1, NULL, 0, NULL);
INSERT INTO APP.TRACK_BLOCK (ID, NAME, BLOCKFUNCTION_ID, CONSTRUCTION_ID, BACKWARDTARGETDRIVINGLEVEL, DRIVINGLEVELADJUSTTYPE, FORWARDTARGETDRIVINGLEVEL)
VALUES (1903, 'Nebenstrecke-Signal Stop', 1904, 1, NULL, 0, NULL);
INSERT INTO APP.TRACK_BLOCK (ID, NAME, BLOCKFUNCTION_ID, CONSTRUCTION_ID, BACKWARDTARGETDRIVINGLEVEL, DRIVINGLEVELADJUSTTYPE, FORWARDTARGETDRIVINGLEVEL)
VALUES (1905, 'Nebenstrecke - Berg', 1906, 1, 12, 1, 12);
INSERT INTO APP.TRACK_BLOCK (ID, NAME, BLOCKFUNCTION_ID, CONSTRUCTION_ID, BACKWARDTARGETDRIVINGLEVEL, DRIVINGLEVELADJUSTTYPE, FORWARDTARGETDRIVINGLEVEL)
VALUES (1907, 'Wende-Signal/Stop', 1908, 1, NULL, 0, NULL);
INSERT INTO APP.TRACK_BLOCK (ID, NAME, BLOCKFUNCTION_ID, CONSTRUCTION_ID, BACKWARDTARGETDRIVINGLEVEL, DRIVINGLEVELADJUSTTYPE, FORWARDTARGETDRIVINGLEVEL)
VALUES (1909, 'Wende', 1910, 1, 12, 1, 12);

INSERT INTO APP.TRACKPART_SWITCH (ID, CONSTRUCTION_ID, GRIDPOSITION_ID, TRACKBLOCK_ID, CURRENTDIRECTION, CURRENTPRESENTATION, EVENTCONFIGURATION_ID, TOGGLEFUNCTION_ID)
VALUES (610, 1, 611, 1009, 0, 1, 959, 960);
INSERT INTO APP.TRACKPART_SWITCH (ID, CONSTRUCTION_ID, GRIDPOSITION_ID, TRACKBLOCK_ID, CURRENTDIRECTION, CURRENTPRESENTATION, EVENTCONFIGURATION_ID, TOGGLEFUNCTION_ID)
VALUES (612, 1, 613, 1009, 1, 1, 961, 962);
INSERT INTO APP.TRACKPART_SWITCH (ID, CONSTRUCTION_ID, GRIDPOSITION_ID, TRACKBLOCK_ID, CURRENTDIRECTION, CURRENTPRESENTATION, EVENTCONFIGURATION_ID, TOGGLEFUNCTION_ID)
VALUES (614, 1, 615, 1009, 1, 1, 963, 964);
INSERT INTO APP.TRACKPART_SWITCH (ID, CONSTRUCTION_ID, GRIDPOSITION_ID, TRACKBLOCK_ID, CURRENTDIRECTION, CURRENTPRESENTATION, EVENTCONFIGURATION_ID, TOGGLEFUNCTION_ID)
VALUES (616, 1, 617, 1009, 1, 1, 1207, NULL);
INSERT INTO APP.TRACKPART_SWITCH (ID, CONSTRUCTION_ID, GRIDPOSITION_ID, TRACKBLOCK_ID, CURRENTDIRECTION, CURRENTPRESENTATION, EVENTCONFIGURATION_ID, TOGGLEFUNCTION_ID)
VALUES (690, 1, 691, 953, 1, 1, 1011, 1101);
INSERT INTO APP.TRACKPART_SWITCH (ID, CONSTRUCTION_ID, GRIDPOSITION_ID, TRACKBLOCK_ID, CURRENTDIRECTION, CURRENTPRESENTATION, EVENTCONFIGURATION_ID, TOGGLEFUNCTION_ID)
VALUES (694, 1, 695, 953, 0, 0, 967, 968);
INSERT INTO APP.TRACKPART_SWITCH (ID, CONSTRUCTION_ID, GRIDPOSITION_ID, TRACKBLOCK_ID, CURRENTDIRECTION, CURRENTPRESENTATION, EVENTCONFIGURATION_ID, TOGGLEFUNCTION_ID)
VALUES (700, 1, 701, 953, 1, 0, 965, 966);
INSERT INTO APP.TRACKPART_SWITCH (ID, CONSTRUCTION_ID, GRIDPOSITION_ID, TRACKBLOCK_ID, CURRENTDIRECTION, CURRENTPRESENTATION, EVENTCONFIGURATION_ID, TOGGLEFUNCTION_ID)
VALUES (772, 1, 773, 953, 1, 1, 1012, 1102);
INSERT INTO APP.TRACKPART_SWITCH (ID, CONSTRUCTION_ID, GRIDPOSITION_ID, TRACKBLOCK_ID, CURRENTDIRECTION, CURRENTPRESENTATION, EVENTCONFIGURATION_ID, TOGGLEFUNCTION_ID)
VALUES (774, 1, 775, 953, 1, 1, 1103, 1104);
INSERT INTO APP.TRACKPART_SWITCH (ID, CONSTRUCTION_ID, GRIDPOSITION_ID, TRACKBLOCK_ID, CURRENTDIRECTION, CURRENTPRESENTATION, EVENTCONFIGURATION_ID, TOGGLEFUNCTION_ID)
VALUES (1109, 1, 1110, 953, 0, 1, 1121, 1122);
INSERT INTO APP.TRACKPART_SWITCH (ID, CONSTRUCTION_ID, GRIDPOSITION_ID, TRACKBLOCK_ID, CURRENTDIRECTION, CURRENTPRESENTATION, EVENTCONFIGURATION_ID, TOGGLEFUNCTION_ID)
VALUES (1115, 1, 1116, 953, 0, 1, 1123, 1124);

INSERT INTO APP.TRACKPART_STRAIGHT (ID, CONSTRUCTION_ID, GRIDPOSITION_ID, TRACKBLOCK_ID, DIRECTION)
VALUES (3, 1, 4, 1801, 0);
INSERT INTO APP.TRACKPART_STRAIGHT (ID, CONSTRUCTION_ID, GRIDPOSITION_ID, TRACKBLOCK_ID, DIRECTION)
VALUES (5, 1, 6, 1805, 0);
INSERT INTO APP.TRACKPART_STRAIGHT (ID, CONSTRUCTION_ID, GRIDPOSITION_ID, TRACKBLOCK_ID, DIRECTION)
VALUES (7, 1, 8, 1813, 0);
INSERT INTO APP.TRACKPART_STRAIGHT (ID, CONSTRUCTION_ID, GRIDPOSITION_ID, TRACKBLOCK_ID, DIRECTION)
VALUES (9, 1, 10, 1809, 0);
INSERT INTO APP.TRACKPART_STRAIGHT (ID, CONSTRUCTION_ID, GRIDPOSITION_ID, TRACKBLOCK_ID, DIRECTION)
VALUES (718, 1, 719, 945, 0);
INSERT INTO APP.TRACKPART_STRAIGHT (ID, CONSTRUCTION_ID, GRIDPOSITION_ID, TRACKBLOCK_ID, DIRECTION)
VALUES (720, 1, 721, 953, 0);
INSERT INTO APP.TRACKPART_STRAIGHT (ID, CONSTRUCTION_ID, GRIDPOSITION_ID, TRACKBLOCK_ID, DIRECTION)
VALUES (722, 1, 723, 1909, 0);
INSERT INTO APP.TRACKPART_STRAIGHT (ID, CONSTRUCTION_ID, GRIDPOSITION_ID, TRACKBLOCK_ID, DIRECTION)
VALUES (724, 1, 725, 1909, 0);
INSERT INTO APP.TRACKPART_STRAIGHT (ID, CONSTRUCTION_ID, GRIDPOSITION_ID, TRACKBLOCK_ID, DIRECTION)
VALUES (726, 1, 727, 1909, 0);
INSERT INTO APP.TRACKPART_STRAIGHT (ID, CONSTRUCTION_ID, GRIDPOSITION_ID, TRACKBLOCK_ID, DIRECTION)
VALUES (728, 1, 729, 1909, 0);
INSERT INTO APP.TRACKPART_STRAIGHT (ID, CONSTRUCTION_ID, GRIDPOSITION_ID, TRACKBLOCK_ID, DIRECTION)
VALUES (730, 1, 731, 1909, 0);
INSERT INTO APP.TRACKPART_STRAIGHT (ID, CONSTRUCTION_ID, GRIDPOSITION_ID, TRACKBLOCK_ID, DIRECTION)
VALUES (732, 1, 733, 1909, 0);
INSERT INTO APP.TRACKPART_STRAIGHT (ID, CONSTRUCTION_ID, GRIDPOSITION_ID, TRACKBLOCK_ID, DIRECTION)
VALUES (734, 1, 735, 1909, 0);
INSERT INTO APP.TRACKPART_STRAIGHT (ID, CONSTRUCTION_ID, GRIDPOSITION_ID, TRACKBLOCK_ID, DIRECTION)
VALUES (738, 1, 739, 953, 1);
INSERT INTO APP.TRACKPART_STRAIGHT (ID, CONSTRUCTION_ID, GRIDPOSITION_ID, TRACKBLOCK_ID, DIRECTION)
VALUES (748, 1, 749, 953, 0);
INSERT INTO APP.TRACKPART_STRAIGHT (ID, CONSTRUCTION_ID, GRIDPOSITION_ID, TRACKBLOCK_ID, DIRECTION)
VALUES (750, 1, 751, 953, 0);
INSERT INTO APP.TRACKPART_STRAIGHT (ID, CONSTRUCTION_ID, GRIDPOSITION_ID, TRACKBLOCK_ID, DIRECTION)
VALUES (752, 1, 753, 953, 0);
INSERT INTO APP.TRACKPART_STRAIGHT (ID, CONSTRUCTION_ID, GRIDPOSITION_ID, TRACKBLOCK_ID, DIRECTION)
VALUES (754, 1, 755, 953, 0);
INSERT INTO APP.TRACKPART_STRAIGHT (ID, CONSTRUCTION_ID, GRIDPOSITION_ID, TRACKBLOCK_ID, DIRECTION)
VALUES (756, 1, 757, 953, 0);
INSERT INTO APP.TRACKPART_STRAIGHT (ID, CONSTRUCTION_ID, GRIDPOSITION_ID, TRACKBLOCK_ID, DIRECTION)
VALUES (758, 1, 759, 953, 0);
INSERT INTO APP.TRACKPART_STRAIGHT (ID, CONSTRUCTION_ID, GRIDPOSITION_ID, TRACKBLOCK_ID, DIRECTION)
VALUES (760, 1, 761, 953, 0);
INSERT INTO APP.TRACKPART_STRAIGHT (ID, CONSTRUCTION_ID, GRIDPOSITION_ID, TRACKBLOCK_ID, DIRECTION)
VALUES (762, 1, 763, 953, 0);
INSERT INTO APP.TRACKPART_STRAIGHT (ID, CONSTRUCTION_ID, GRIDPOSITION_ID, TRACKBLOCK_ID, DIRECTION)
VALUES (764, 1, 765, 953, 0);
INSERT INTO APP.TRACKPART_STRAIGHT (ID, CONSTRUCTION_ID, GRIDPOSITION_ID, TRACKBLOCK_ID, DIRECTION)
VALUES (766, 1, 767, 953, 0);
INSERT INTO APP.TRACKPART_STRAIGHT (ID, CONSTRUCTION_ID, GRIDPOSITION_ID, TRACKBLOCK_ID, DIRECTION)
VALUES (768, 1, 769, 953, 0);
INSERT INTO APP.TRACKPART_STRAIGHT (ID, CONSTRUCTION_ID, GRIDPOSITION_ID, TRACKBLOCK_ID, DIRECTION)
VALUES (770, 1, 771, 953, 0);
INSERT INTO APP.TRACKPART_STRAIGHT (ID, CONSTRUCTION_ID, GRIDPOSITION_ID, TRACKBLOCK_ID, DIRECTION)
VALUES (786, 1, 787, 953, 1);
INSERT INTO APP.TRACKPART_STRAIGHT (ID, CONSTRUCTION_ID, GRIDPOSITION_ID, TRACKBLOCK_ID, DIRECTION)
VALUES (788, 1, 789, 953, 0);
INSERT INTO APP.TRACKPART_STRAIGHT (ID, CONSTRUCTION_ID, GRIDPOSITION_ID, TRACKBLOCK_ID, DIRECTION)
VALUES (790, 1, 791, 953, 0);
INSERT INTO APP.TRACKPART_STRAIGHT (ID, CONSTRUCTION_ID, GRIDPOSITION_ID, TRACKBLOCK_ID, DIRECTION)
VALUES (792, 1, 793, 953, 0);
INSERT INTO APP.TRACKPART_STRAIGHT (ID, CONSTRUCTION_ID, GRIDPOSITION_ID, TRACKBLOCK_ID, DIRECTION)
VALUES (794, 1, 795, 953, 0);
INSERT INTO APP.TRACKPART_STRAIGHT (ID, CONSTRUCTION_ID, GRIDPOSITION_ID, TRACKBLOCK_ID, DIRECTION)
VALUES (796, 1, 797, 953, 0);
INSERT INTO APP.TRACKPART_STRAIGHT (ID, CONSTRUCTION_ID, GRIDPOSITION_ID, TRACKBLOCK_ID, DIRECTION)
VALUES (798, 1, 799, 953, 0);
INSERT INTO APP.TRACKPART_STRAIGHT (ID, CONSTRUCTION_ID, GRIDPOSITION_ID, TRACKBLOCK_ID, DIRECTION)
VALUES (800, 1, 801, 953, 0);
INSERT INTO APP.TRACKPART_STRAIGHT (ID, CONSTRUCTION_ID, GRIDPOSITION_ID, TRACKBLOCK_ID, DIRECTION)
VALUES (901, 1, 902, 1909, 0);
INSERT INTO APP.TRACKPART_STRAIGHT (ID, CONSTRUCTION_ID, GRIDPOSITION_ID, TRACKBLOCK_ID, DIRECTION)
VALUES (624, 1, 625, 1009, 0);
INSERT INTO APP.TRACKPART_STRAIGHT (ID, CONSTRUCTION_ID, GRIDPOSITION_ID, TRACKBLOCK_ID, DIRECTION)
VALUES (626, 1, 627, 1009, 0);
INSERT INTO APP.TRACKPART_STRAIGHT (ID, CONSTRUCTION_ID, GRIDPOSITION_ID, TRACKBLOCK_ID, DIRECTION)
VALUES (638, 1, 639, 1815, 0);
INSERT INTO APP.TRACKPART_STRAIGHT (ID, CONSTRUCTION_ID, GRIDPOSITION_ID, TRACKBLOCK_ID, DIRECTION)
VALUES (640, 1, 641, 1811, 0);
INSERT INTO APP.TRACKPART_STRAIGHT (ID, CONSTRUCTION_ID, GRIDPOSITION_ID, TRACKBLOCK_ID, DIRECTION)
VALUES (642, 1, 643, 1807, 0);
INSERT INTO APP.TRACKPART_STRAIGHT (ID, CONSTRUCTION_ID, GRIDPOSITION_ID, TRACKBLOCK_ID, DIRECTION)
VALUES (644, 1, 645, 1803, 0);
INSERT INTO APP.TRACKPART_STRAIGHT (ID, CONSTRUCTION_ID, GRIDPOSITION_ID, TRACKBLOCK_ID, DIRECTION)
VALUES (646, 1, 647, 1009, 0);
INSERT INTO APP.TRACKPART_STRAIGHT (ID, CONSTRUCTION_ID, GRIDPOSITION_ID, TRACKBLOCK_ID, DIRECTION)
VALUES (648, 1, 649, 1009, 0);
INSERT INTO APP.TRACKPART_STRAIGHT (ID, CONSTRUCTION_ID, GRIDPOSITION_ID, TRACKBLOCK_ID, DIRECTION)
VALUES (652, 1, 653, 1009, 0);
INSERT INTO APP.TRACKPART_STRAIGHT (ID, CONSTRUCTION_ID, GRIDPOSITION_ID, TRACKBLOCK_ID, DIRECTION)
VALUES (654, 1, 655, 1009, 0);
INSERT INTO APP.TRACKPART_STRAIGHT (ID, CONSTRUCTION_ID, GRIDPOSITION_ID, TRACKBLOCK_ID, DIRECTION)
VALUES (656, 1, 657, 1009, 0);
INSERT INTO APP.TRACKPART_STRAIGHT (ID, CONSTRUCTION_ID, GRIDPOSITION_ID, TRACKBLOCK_ID, DIRECTION)
VALUES (658, 1, 659, 1905, 1);
INSERT INTO APP.TRACKPART_STRAIGHT (ID, CONSTRUCTION_ID, GRIDPOSITION_ID, TRACKBLOCK_ID, DIRECTION)
VALUES (660, 1, 661, 1905, 1);
INSERT INTO APP.TRACKPART_STRAIGHT (ID, CONSTRUCTION_ID, GRIDPOSITION_ID, TRACKBLOCK_ID, DIRECTION)
VALUES (662, 1, 663, 1907, 1);
INSERT INTO APP.TRACKPART_STRAIGHT (ID, CONSTRUCTION_ID, GRIDPOSITION_ID, TRACKBLOCK_ID, DIRECTION)
VALUES (664, 1, 665, 1909, 1);
INSERT INTO APP.TRACKPART_STRAIGHT (ID, CONSTRUCTION_ID, GRIDPOSITION_ID, TRACKBLOCK_ID, DIRECTION)
VALUES (666, 1, 667, 1909, 1);
INSERT INTO APP.TRACKPART_STRAIGHT (ID, CONSTRUCTION_ID, GRIDPOSITION_ID, TRACKBLOCK_ID, DIRECTION)
VALUES (668, 1, 669, 1905, 1);
INSERT INTO APP.TRACKPART_STRAIGHT (ID, CONSTRUCTION_ID, GRIDPOSITION_ID, TRACKBLOCK_ID, DIRECTION)
VALUES (670, 1, 671, 1901, 1);
INSERT INTO APP.TRACKPART_STRAIGHT (ID, CONSTRUCTION_ID, GRIDPOSITION_ID, TRACKBLOCK_ID, DIRECTION)
VALUES (678, 1, 679, 943, 0);
INSERT INTO APP.TRACKPART_STRAIGHT (ID, CONSTRUCTION_ID, GRIDPOSITION_ID, TRACKBLOCK_ID, DIRECTION)
VALUES (680, 1, 681, 947, 0);
INSERT INTO APP.TRACKPART_STRAIGHT (ID, CONSTRUCTION_ID, GRIDPOSITION_ID, TRACKBLOCK_ID, DIRECTION)
VALUES (682, 1, 683, 949, 0);
INSERT INTO APP.TRACKPART_STRAIGHT (ID, CONSTRUCTION_ID, GRIDPOSITION_ID, TRACKBLOCK_ID, DIRECTION)
VALUES (684, 1, 685, 951, 0);
INSERT INTO APP.TRACKPART_STRAIGHT (ID, CONSTRUCTION_ID, GRIDPOSITION_ID, TRACKBLOCK_ID, DIRECTION)
VALUES (686, 1, 687, 1001, 0);
INSERT INTO APP.TRACKPART_STRAIGHT (ID, CONSTRUCTION_ID, GRIDPOSITION_ID, TRACKBLOCK_ID, DIRECTION)
VALUES (688, 1, 689, 941, 0);
INSERT INTO APP.TRACKPART_STRAIGHT (ID, CONSTRUCTION_ID, GRIDPOSITION_ID, TRACKBLOCK_ID, DIRECTION)
VALUES (692, 1, 693, 953, 0);
INSERT INTO APP.TRACKPART_STRAIGHT (ID, CONSTRUCTION_ID, GRIDPOSITION_ID, TRACKBLOCK_ID, DIRECTION)
VALUES (696, 1, 697, 1005, 1);
INSERT INTO APP.TRACKPART_STRAIGHT (ID, CONSTRUCTION_ID, GRIDPOSITION_ID, TRACKBLOCK_ID, DIRECTION)
VALUES (698, 1, 699, 953, 1);
INSERT INTO APP.TRACKPART_STRAIGHT (ID, CONSTRUCTION_ID, GRIDPOSITION_ID, TRACKBLOCK_ID, DIRECTION)
VALUES (702, 1, 703, 953, 0);
INSERT INTO APP.TRACKPART_STRAIGHT (ID, CONSTRUCTION_ID, GRIDPOSITION_ID, TRACKBLOCK_ID, DIRECTION)
VALUES (704, 1, 705, 1905, 1);
INSERT INTO APP.TRACKPART_STRAIGHT (ID, CONSTRUCTION_ID, GRIDPOSITION_ID, TRACKBLOCK_ID, DIRECTION)
VALUES (710, 1, 711, 953, 1);
INSERT INTO APP.TRACKPART_STRAIGHT (ID, CONSTRUCTION_ID, GRIDPOSITION_ID, TRACKBLOCK_ID, DIRECTION)
VALUES (714, 1, 715, 1909, 1);
INSERT INTO APP.TRACKPART_STRAIGHT (ID, CONSTRUCTION_ID, GRIDPOSITION_ID, TRACKBLOCK_ID, DIRECTION)
VALUES (716, 1, 717, 1006, 1);
INSERT INTO APP.TRACKPART_STRAIGHT (ID, CONSTRUCTION_ID, GRIDPOSITION_ID, TRACKBLOCK_ID, DIRECTION)
VALUES (1111, 1, 1112, 953, 1);
INSERT INTO APP.TRACKPART_STRAIGHT (ID, CONSTRUCTION_ID, GRIDPOSITION_ID, TRACKBLOCK_ID, DIRECTION)
VALUES (1113, 1, 1114, 953, 1);
INSERT INTO APP.TRACKPART_STRAIGHT (ID, CONSTRUCTION_ID, GRIDPOSITION_ID, TRACKBLOCK_ID, DIRECTION)
VALUES (1208, 1, 1209, 1009, 0);
INSERT INTO APP.TRACKPART_STRAIGHT (ID, CONSTRUCTION_ID, GRIDPOSITION_ID, TRACKBLOCK_ID, DIRECTION)
VALUES (1301, 1, 1302, 953, 1);

INSERT INTO APP.TRACKPART_SIGNAL (ID, CONSTRUCTION_ID, GRIDPOSITION_ID, TRACKBLOCK_ID, DIRECTION, TYPE, SIGNALCONFIGGREEN1_ID, SIGNALCONFIGGREEN2_ID, SIGNALCONFIGRED1_ID, SIGNALCONFIGRED2_ID, SIGNALCONFIGWHITE_ID, SIGNALCONFIGYELLOW1_ID, SIGNALCONFIGYELLOW2_ID, BREAKINGBLOCK_ID, ENTERINGBLOCK_ID, MONITORINGBLOCK_ID, STOPBLOCK_ID)
VALUES (630, 1, 631, NULL, 0, 2, 2516, NULL, 2517, 3101, 3102, 3103, NULL, NULL, NULL, 1009, 1813);
INSERT INTO APP.TRACKPART_SIGNAL (ID, CONSTRUCTION_ID, GRIDPOSITION_ID, TRACKBLOCK_ID, DIRECTION, TYPE, SIGNALCONFIGGREEN1_ID, SIGNALCONFIGGREEN2_ID, SIGNALCONFIGRED1_ID, SIGNALCONFIGRED2_ID, SIGNALCONFIGWHITE_ID, SIGNALCONFIGYELLOW1_ID, SIGNALCONFIGYELLOW2_ID, BREAKINGBLOCK_ID, ENTERINGBLOCK_ID, MONITORINGBLOCK_ID, STOPBLOCK_ID)
VALUES (632, 1, 633, NULL, 0, 2, 2511, NULL, 2512, 2513, 2514, 2515, NULL, NULL, NULL, 1009, 1809);
INSERT INTO APP.TRACKPART_SIGNAL (ID, CONSTRUCTION_ID, GRIDPOSITION_ID, TRACKBLOCK_ID, DIRECTION, TYPE, SIGNALCONFIGGREEN1_ID, SIGNALCONFIGGREEN2_ID, SIGNALCONFIGRED1_ID, SIGNALCONFIGRED2_ID, SIGNALCONFIGWHITE_ID, SIGNALCONFIGYELLOW1_ID, SIGNALCONFIGYELLOW2_ID, BREAKINGBLOCK_ID, ENTERINGBLOCK_ID, MONITORINGBLOCK_ID, STOPBLOCK_ID)
VALUES (634, 1, 635, NULL, 0, 2, 2506, NULL, 2507, 2508, 2509, 2510, NULL, NULL, NULL, 1009, 1805);
INSERT INTO APP.TRACKPART_SIGNAL (ID, CONSTRUCTION_ID, GRIDPOSITION_ID, TRACKBLOCK_ID, DIRECTION, TYPE, SIGNALCONFIGGREEN1_ID, SIGNALCONFIGGREEN2_ID, SIGNALCONFIGRED1_ID, SIGNALCONFIGRED2_ID, SIGNALCONFIGWHITE_ID, SIGNALCONFIGYELLOW1_ID, SIGNALCONFIGYELLOW2_ID, BREAKINGBLOCK_ID, ENTERINGBLOCK_ID, MONITORINGBLOCK_ID, STOPBLOCK_ID)
VALUES (636, 1, 637, NULL, 0, 2, 2501, NULL, 2502, 2503, 2504, 2505, NULL, NULL, NULL, 1009, 1801);
INSERT INTO APP.TRACKPART_SIGNAL (ID, CONSTRUCTION_ID, GRIDPOSITION_ID, TRACKBLOCK_ID, DIRECTION, TYPE, SIGNALCONFIGGREEN1_ID, SIGNALCONFIGGREEN2_ID, SIGNALCONFIGRED1_ID, SIGNALCONFIGRED2_ID, SIGNALCONFIGWHITE_ID, SIGNALCONFIGYELLOW1_ID, SIGNALCONFIGYELLOW2_ID, BREAKINGBLOCK_ID, ENTERINGBLOCK_ID, MONITORINGBLOCK_ID, STOPBLOCK_ID)
VALUES (708, 1, 709, NULL, 0, 0, 957, NULL, 958, NULL, NULL, NULL, NULL, NULL, 1905, 953, 1903);
INSERT INTO APP.TRACKPART_SIGNAL (ID, CONSTRUCTION_ID, GRIDPOSITION_ID, TRACKBLOCK_ID, DIRECTION, TYPE, SIGNALCONFIGGREEN1_ID, SIGNALCONFIGGREEN2_ID, SIGNALCONFIGRED1_ID, SIGNALCONFIGRED2_ID, SIGNALCONFIGWHITE_ID, SIGNALCONFIGYELLOW1_ID, SIGNALCONFIGYELLOW2_ID, BREAKINGBLOCK_ID, ENTERINGBLOCK_ID, MONITORINGBLOCK_ID, STOPBLOCK_ID)
VALUES (712, 1, 713, NULL, 1, 0, 955, NULL, 956, NULL, NULL, NULL, NULL, NULL, 1909, 953, 1907);
INSERT INTO APP.TRACKPART_SIGNAL (ID, CONSTRUCTION_ID, GRIDPOSITION_ID, TRACKBLOCK_ID, DIRECTION, TYPE, SIGNALCONFIGGREEN1_ID, SIGNALCONFIGGREEN2_ID, SIGNALCONFIGRED1_ID, SIGNALCONFIGRED2_ID, SIGNALCONFIGWHITE_ID, SIGNALCONFIGYELLOW1_ID, SIGNALCONFIGYELLOW2_ID, BREAKINGBLOCK_ID, ENTERINGBLOCK_ID, MONITORINGBLOCK_ID, STOPBLOCK_ID)
VALUES (806, 1, 807, NULL, 1, 1, 808, NULL, 809, NULL, NULL, 810, NULL, NULL, 1905, 1009, 1901);
INSERT INTO APP.TRACKPART_SIGNAL (ID, CONSTRUCTION_ID, GRIDPOSITION_ID, TRACKBLOCK_ID, DIRECTION, TYPE, SIGNALCONFIGGREEN1_ID, SIGNALCONFIGGREEN2_ID, SIGNALCONFIGRED1_ID, SIGNALCONFIGRED2_ID, SIGNALCONFIGWHITE_ID, SIGNALCONFIGYELLOW1_ID, SIGNALCONFIGYELLOW2_ID, BREAKINGBLOCK_ID, ENTERINGBLOCK_ID, MONITORINGBLOCK_ID, STOPBLOCK_ID)
VALUES (2401, 1, 2402, NULL, 0, 2, 2438, NULL, 2439, 2440, 2441, 2442, NULL, NULL, NULL, 953, 941);
INSERT INTO APP.TRACKPART_SIGNAL (ID, CONSTRUCTION_ID, GRIDPOSITION_ID, TRACKBLOCK_ID, DIRECTION, TYPE, SIGNALCONFIGGREEN1_ID, SIGNALCONFIGGREEN2_ID, SIGNALCONFIGRED1_ID, SIGNALCONFIGRED2_ID, SIGNALCONFIGWHITE_ID, SIGNALCONFIGYELLOW1_ID, SIGNALCONFIGYELLOW2_ID, BREAKINGBLOCK_ID, ENTERINGBLOCK_ID, MONITORINGBLOCK_ID, STOPBLOCK_ID)
VALUES (2403, 1, 2404, NULL, 0, 2, 2433, NULL, 2434, 2435, 2436, 2437, NULL, NULL, NULL, 953, 943);
INSERT INTO APP.TRACKPART_SIGNAL (ID, CONSTRUCTION_ID, GRIDPOSITION_ID, TRACKBLOCK_ID, DIRECTION, TYPE, SIGNALCONFIGGREEN1_ID, SIGNALCONFIGGREEN2_ID, SIGNALCONFIGRED1_ID, SIGNALCONFIGRED2_ID, SIGNALCONFIGWHITE_ID, SIGNALCONFIGYELLOW1_ID, SIGNALCONFIGYELLOW2_ID, BREAKINGBLOCK_ID, ENTERINGBLOCK_ID, MONITORINGBLOCK_ID, STOPBLOCK_ID)
VALUES (2405, 1, 2406, NULL, 0, 2, 2413, NULL, 2414, 2415, 2416, 2417, NULL, NULL, NULL, 953, 945);
INSERT INTO APP.TRACKPART_SIGNAL (ID, CONSTRUCTION_ID, GRIDPOSITION_ID, TRACKBLOCK_ID, DIRECTION, TYPE, SIGNALCONFIGGREEN1_ID, SIGNALCONFIGGREEN2_ID, SIGNALCONFIGRED1_ID, SIGNALCONFIGRED2_ID, SIGNALCONFIGWHITE_ID, SIGNALCONFIGYELLOW1_ID, SIGNALCONFIGYELLOW2_ID, BREAKINGBLOCK_ID, ENTERINGBLOCK_ID, MONITORINGBLOCK_ID, STOPBLOCK_ID)
VALUES (2407, 1, 2408, NULL, 0, 2, 2418, NULL, 2419, 2420, 2421, 2422, NULL, NULL, NULL, 953, 947);
INSERT INTO APP.TRACKPART_SIGNAL (ID, CONSTRUCTION_ID, GRIDPOSITION_ID, TRACKBLOCK_ID, DIRECTION, TYPE, SIGNALCONFIGGREEN1_ID, SIGNALCONFIGGREEN2_ID, SIGNALCONFIGRED1_ID, SIGNALCONFIGRED2_ID, SIGNALCONFIGWHITE_ID, SIGNALCONFIGYELLOW1_ID, SIGNALCONFIGYELLOW2_ID, BREAKINGBLOCK_ID, ENTERINGBLOCK_ID, MONITORINGBLOCK_ID, STOPBLOCK_ID)
VALUES (2409, 1, 2410, NULL, 0, 2, 2423, NULL, 2424, 2425, 2426, 2427, NULL, NULL, NULL, 953, 949);
INSERT INTO APP.TRACKPART_SIGNAL (ID, CONSTRUCTION_ID, GRIDPOSITION_ID, TRACKBLOCK_ID, DIRECTION, TYPE, SIGNALCONFIGGREEN1_ID, SIGNALCONFIGGREEN2_ID, SIGNALCONFIGRED1_ID, SIGNALCONFIGRED2_ID, SIGNALCONFIGWHITE_ID, SIGNALCONFIGYELLOW1_ID, SIGNALCONFIGYELLOW2_ID, BREAKINGBLOCK_ID, ENTERINGBLOCK_ID, MONITORINGBLOCK_ID, STOPBLOCK_ID)
VALUES (2411, 1, 2412, NULL, 0, 2, 2428, NULL, 2429, 2430, 2431, 2432, NULL, NULL, NULL, 953, 951);

INSERT INTO APP.TRACKPART_CURVE (ID, CONSTRUCTION_ID, GRIDPOSITION_ID, TRACKBLOCK_ID, DIRECTION)
VALUES (618, 1, 619, 1009, 2);
INSERT INTO APP.TRACKPART_CURVE (ID, CONSTRUCTION_ID, GRIDPOSITION_ID, TRACKBLOCK_ID, DIRECTION)
VALUES (620, 1, 621, 1009, 2);
INSERT INTO APP.TRACKPART_CURVE (ID, CONSTRUCTION_ID, GRIDPOSITION_ID, TRACKBLOCK_ID, DIRECTION)
VALUES (622, 1, 623, 1009, 3);
INSERT INTO APP.TRACKPART_CURVE (ID, CONSTRUCTION_ID, GRIDPOSITION_ID, TRACKBLOCK_ID, DIRECTION)
VALUES (650, 1, 651, 1009, 3);
INSERT INTO APP.TRACKPART_CURVE (ID, CONSTRUCTION_ID, GRIDPOSITION_ID, TRACKBLOCK_ID, DIRECTION)
VALUES (706, 1, 707, 1903, 2);
INSERT INTO APP.TRACKPART_CURVE (ID, CONSTRUCTION_ID, GRIDPOSITION_ID, TRACKBLOCK_ID, DIRECTION)
VALUES (736, 1, 737, 1909, 2);
INSERT INTO APP.TRACKPART_CURVE (ID, CONSTRUCTION_ID, GRIDPOSITION_ID, TRACKBLOCK_ID, DIRECTION)
VALUES (776, 1, 777, 953, 2);
INSERT INTO APP.TRACKPART_CURVE (ID, CONSTRUCTION_ID, GRIDPOSITION_ID, TRACKBLOCK_ID, DIRECTION)
VALUES (784, 1, 785, 953, 2);
INSERT INTO APP.TRACKPART_CURVE (ID, CONSTRUCTION_ID, GRIDPOSITION_ID, TRACKBLOCK_ID, DIRECTION)
VALUES (802, 1, 803, 953, 2);
INSERT INTO APP.TRACKPART_CURVE (ID, CONSTRUCTION_ID, GRIDPOSITION_ID, TRACKBLOCK_ID, DIRECTION)
VALUES (1117, 1, 1118, 953, 3);
INSERT INTO APP.TRACKPART_CURVE (ID, CONSTRUCTION_ID, GRIDPOSITION_ID, TRACKBLOCK_ID, DIRECTION)
VALUES (1119, 1, 1120, 953, 3);

INSERT INTO APP.TRAIN (ID, ADDRESS, NAME) VALUES (2, 7, 'V220');
INSERT INTO APP.TRAIN (ID, ADDRESS, NAME) VALUES (1013, 5, 'Ludmilla');
INSERT INTO APP.TRAIN (ID, ADDRESS, NAME) VALUES (1014, 11, 'VT 12.5');
INSERT INTO APP.TRAIN (ID, ADDRESS, NAME) VALUES (1015, 13, 'BR 140 Taiga');
INSERT INTO APP.TRAIN (ID, ADDRESS, NAME) VALUES (1016, 15, 'BR 243');
INSERT INTO APP.TRAIN (ID, ADDRESS, NAME) VALUES (1017, 20, 'BR 183');
INSERT INTO APP.TRAIN (ID, ADDRESS, NAME) VALUES (2301, 25, 'VT 18.16');

INSERT INTO APP.TRAIN_FUNCTION (ID, FUNCTION_ALIAS, CONFIGURATION_ID) VALUES (2102, 'Innen', 2101);

INSERT INTO APP.TRAIN_TRAIN_FUNCTION (TRAIN_ID, FUNCTIONS_ID) VALUES (1017, 2102);

INSERT INTO APP.STATION (ID, NAME) VALUES (1, 'HBF');
INSERT INTO APP.STATION (ID, NAME) VALUES (2, 'SBF - lang');
INSERT INTO APP.STATION (ID, NAME) VALUES (3, 'SBF - kurz');

INSERT INTO APP.STATION_RAIL (ID, RAILNUMBER, STATION_ID) VALUES (1, 1, 1);
INSERT INTO APP.STATION_RAIL (ID, RAILNUMBER, STATION_ID) VALUES (2, 2, 1);
INSERT INTO APP.STATION_RAIL (ID, RAILNUMBER, STATION_ID) VALUES (3, 3, 1);
INSERT INTO APP.STATION_RAIL (ID, RAILNUMBER, STATION_ID) VALUES (4, 4, 1);
INSERT INTO APP.STATION_RAIL (ID, RAILNUMBER, STATION_ID) VALUES (5, 1, 2);
INSERT INTO APP.STATION_RAIL (ID, RAILNUMBER, STATION_ID) VALUES (6, 2, 2);
INSERT INTO APP.STATION_RAIL (ID, RAILNUMBER, STATION_ID) VALUES (7, 3, 2);
INSERT INTO APP.STATION_RAIL (ID, RAILNUMBER, STATION_ID) VALUES (8, 1, 3);
INSERT INTO APP.STATION_RAIL (ID, RAILNUMBER, STATION_ID) VALUES (9, 2, 3);
INSERT INTO APP.STATION_RAIL (ID, RAILNUMBER, STATION_ID) VALUES (10, 3, 3);

INSERT INTO APP.SCENARIO (ID, CRON, NAME, TRAIN_ID, TRAINDRIVINGDIRECTION, STARTDRIVINGLEVEL)
VALUES (1, '0 0,16,32 * * * ?', 'HBF2 to sbf8', 2301, 1, NULL);
INSERT INTO APP.SCENARIO (ID, CRON, NAME, TRAIN_ID, TRAINDRIVINGDIRECTION, STARTDRIVINGLEVEL)
VALUES (2, '0 8,24,40 * * * ?', 'sbf8 to HBF2', 2301, 0, 8);
INSERT INTO APP.SCENARIO (ID, CRON, NAME, TRAIN_ID, TRAINDRIVINGDIRECTION, STARTDRIVINGLEVEL)
VALUES (3, '0 4,20,36 * * * ?', 'HBF1 to sbf7', 1015, 1, NULL);
INSERT INTO APP.SCENARIO (ID, CRON, NAME, TRAIN_ID, TRAINDRIVINGDIRECTION, STARTDRIVINGLEVEL)
VALUES (4, '0 12,28,44 * * * ?', 'sbf7 to HBF1', 1015, 0, 8);
INSERT INTO APP.SCENARIO (ID, CRON, NAME, TRAIN_ID, TRAINDRIVINGDIRECTION, STARTDRIVINGLEVEL)
VALUES (5, NULL, 'HBF4 to sbf1', 1017, 0, NULL);
INSERT INTO APP.SCENARIO (ID, CRON, NAME, TRAIN_ID, TRAINDRIVINGDIRECTION, STARTDRIVINGLEVEL)
VALUES (6, NULL, 'sbf1 to HBF4', 1017, 1, 8);

INSERT INTO APP.SCENARIO_ROUTE (ID, NAME, ONEWAY, ENDSTATIONRAIL_ID, STARTSTATIONRAIL_ID)
VALUES (1, 'HBF -> sbf-lang1', 1, 8, 2);
INSERT INTO APP.SCENARIO_ROUTE (ID, NAME, ONEWAY, ENDSTATIONRAIL_ID, STARTSTATIONRAIL_ID)
VALUES (2, 'sbf-lang1 -> HBF', 1, 2, 8);
INSERT INTO APP.SCENARIO_ROUTE (ID, NAME, ONEWAY, ENDSTATIONRAIL_ID, STARTSTATIONRAIL_ID)
VALUES (3, 'HBF -> sbf-lang2', 1, 9, 1);
INSERT INTO APP.SCENARIO_ROUTE (ID, NAME, ONEWAY, ENDSTATIONRAIL_ID, STARTSTATIONRAIL_ID)
VALUES (4, 'sbf-lang2 -> HBF', 1, 1, 9);
INSERT INTO APP.SCENARIO_ROUTE (ID, NAME, ONEWAY, ENDSTATIONRAIL_ID, STARTSTATIONRAIL_ID)
VALUES (5, 'HBF -> sbf-kurz3', 1, 7, 4);
INSERT INTO APP.SCENARIO_ROUTE (ID, NAME, ONEWAY, ENDSTATIONRAIL_ID, STARTSTATIONRAIL_ID)
VALUES (6, 'sbf-kur3 -> HBF', 1, 4, 7);

INSERT INTO APP.SCENARIO_ROUTE_BLOCK (ID, POSITION, ENDPOINT_ID, ROUTE_ID, STARTPOINT_ID) VALUES (1, 1, 941, 1, 634);
INSERT INTO APP.SCENARIO_ROUTE_BLOCK (ID, POSITION, ENDPOINT_ID, ROUTE_ID, STARTPOINT_ID) VALUES (2, 1, 1805, 2, 2401);
INSERT INTO APP.SCENARIO_ROUTE_BLOCK (ID, POSITION, ENDPOINT_ID, ROUTE_ID, STARTPOINT_ID) VALUES (3, 1, 943, 3, 636);
INSERT INTO APP.SCENARIO_ROUTE_BLOCK (ID, POSITION, ENDPOINT_ID, ROUTE_ID, STARTPOINT_ID) VALUES (4, 1, 1801, 4, 2403);
INSERT INTO APP.SCENARIO_ROUTE_BLOCK (ID, POSITION, ENDPOINT_ID, ROUTE_ID, STARTPOINT_ID) VALUES (5, 1, 951, 5, 630);
INSERT INTO APP.SCENARIO_ROUTE_BLOCK (ID, POSITION, ENDPOINT_ID, ROUTE_ID, STARTPOINT_ID) VALUES (6, 1, 1813, 6, 2411);

INSERT INTO APP.SCENARIO_ROUTE_BLOCK_PART (ID, STATE, ROUTEBLOCK_ID, SWITCHTRACKPART_ID) VALUES (1, 0, 1, 610);
INSERT INTO APP.SCENARIO_ROUTE_BLOCK_PART (ID, STATE, ROUTEBLOCK_ID, SWITCHTRACKPART_ID) VALUES (2, 0, 1, 612);
INSERT INTO APP.SCENARIO_ROUTE_BLOCK_PART (ID, STATE, ROUTEBLOCK_ID, SWITCHTRACKPART_ID) VALUES (3, 0, 1, 694);
INSERT INTO APP.SCENARIO_ROUTE_BLOCK_PART (ID, STATE, ROUTEBLOCK_ID, SWITCHTRACKPART_ID) VALUES (4, 0, 1, 700);
INSERT INTO APP.SCENARIO_ROUTE_BLOCK_PART (ID, STATE, ROUTEBLOCK_ID, SWITCHTRACKPART_ID) VALUES (5, 0, 1, 690);
INSERT INTO APP.SCENARIO_ROUTE_BLOCK_PART (ID, STATE, ROUTEBLOCK_ID, SWITCHTRACKPART_ID) VALUES (6, 0, 1, 772);
INSERT INTO APP.SCENARIO_ROUTE_BLOCK_PART (ID, STATE, ROUTEBLOCK_ID, SWITCHTRACKPART_ID) VALUES (10, 0, 2, 610);
INSERT INTO APP.SCENARIO_ROUTE_BLOCK_PART (ID, STATE, ROUTEBLOCK_ID, SWITCHTRACKPART_ID) VALUES (11, 0, 2, 612);
INSERT INTO APP.SCENARIO_ROUTE_BLOCK_PART (ID, STATE, ROUTEBLOCK_ID, SWITCHTRACKPART_ID) VALUES (12, 0, 2, 694);
INSERT INTO APP.SCENARIO_ROUTE_BLOCK_PART (ID, STATE, ROUTEBLOCK_ID, SWITCHTRACKPART_ID) VALUES (13, 0, 2, 700);
INSERT INTO APP.SCENARIO_ROUTE_BLOCK_PART (ID, STATE, ROUTEBLOCK_ID, SWITCHTRACKPART_ID) VALUES (14, 0, 2, 690);
INSERT INTO APP.SCENARIO_ROUTE_BLOCK_PART (ID, STATE, ROUTEBLOCK_ID, SWITCHTRACKPART_ID) VALUES (15, 0, 2, 772);
INSERT INTO APP.SCENARIO_ROUTE_BLOCK_PART (ID, STATE, ROUTEBLOCK_ID, SWITCHTRACKPART_ID) VALUES (16, 1, 3, 610);
INSERT INTO APP.SCENARIO_ROUTE_BLOCK_PART (ID, STATE, ROUTEBLOCK_ID, SWITCHTRACKPART_ID) VALUES (17, 0, 3, 612);
INSERT INTO APP.SCENARIO_ROUTE_BLOCK_PART (ID, STATE, ROUTEBLOCK_ID, SWITCHTRACKPART_ID) VALUES (18, 0, 3, 694);
INSERT INTO APP.SCENARIO_ROUTE_BLOCK_PART (ID, STATE, ROUTEBLOCK_ID, SWITCHTRACKPART_ID) VALUES (19, 0, 3, 700);
INSERT INTO APP.SCENARIO_ROUTE_BLOCK_PART (ID, STATE, ROUTEBLOCK_ID, SWITCHTRACKPART_ID) VALUES (20, 0, 3, 690);
INSERT INTO APP.SCENARIO_ROUTE_BLOCK_PART (ID, STATE, ROUTEBLOCK_ID, SWITCHTRACKPART_ID) VALUES (21, 1, 3, 772);
INSERT INTO APP.SCENARIO_ROUTE_BLOCK_PART (ID, STATE, ROUTEBLOCK_ID, SWITCHTRACKPART_ID) VALUES (22, 0, 3, 774);
INSERT INTO APP.SCENARIO_ROUTE_BLOCK_PART (ID, STATE, ROUTEBLOCK_ID, SWITCHTRACKPART_ID) VALUES (23, 1, 4, 610);
INSERT INTO APP.SCENARIO_ROUTE_BLOCK_PART (ID, STATE, ROUTEBLOCK_ID, SWITCHTRACKPART_ID) VALUES (24, 0, 4, 612);
INSERT INTO APP.SCENARIO_ROUTE_BLOCK_PART (ID, STATE, ROUTEBLOCK_ID, SWITCHTRACKPART_ID) VALUES (25, 0, 4, 694);
INSERT INTO APP.SCENARIO_ROUTE_BLOCK_PART (ID, STATE, ROUTEBLOCK_ID, SWITCHTRACKPART_ID) VALUES (26, 0, 4, 700);
INSERT INTO APP.SCENARIO_ROUTE_BLOCK_PART (ID, STATE, ROUTEBLOCK_ID, SWITCHTRACKPART_ID) VALUES (27, 0, 4, 690);
INSERT INTO APP.SCENARIO_ROUTE_BLOCK_PART (ID, STATE, ROUTEBLOCK_ID, SWITCHTRACKPART_ID) VALUES (28, 1, 4, 772);
INSERT INTO APP.SCENARIO_ROUTE_BLOCK_PART (ID, STATE, ROUTEBLOCK_ID, SWITCHTRACKPART_ID) VALUES (29, 0, 4, 774);
INSERT INTO APP.SCENARIO_ROUTE_BLOCK_PART (ID, STATE, ROUTEBLOCK_ID, SWITCHTRACKPART_ID) VALUES (30, 1, 5, 614);
INSERT INTO APP.SCENARIO_ROUTE_BLOCK_PART (ID, STATE, ROUTEBLOCK_ID, SWITCHTRACKPART_ID) VALUES (31, 1, 5, 612);
INSERT INTO APP.SCENARIO_ROUTE_BLOCK_PART (ID, STATE, ROUTEBLOCK_ID, SWITCHTRACKPART_ID) VALUES (32, 0, 5, 694);
INSERT INTO APP.SCENARIO_ROUTE_BLOCK_PART (ID, STATE, ROUTEBLOCK_ID, SWITCHTRACKPART_ID) VALUES (33, 0, 5, 700);
INSERT INTO APP.SCENARIO_ROUTE_BLOCK_PART (ID, STATE, ROUTEBLOCK_ID, SWITCHTRACKPART_ID) VALUES (34, 1, 5, 690);
INSERT INTO APP.SCENARIO_ROUTE_BLOCK_PART (ID, STATE, ROUTEBLOCK_ID, SWITCHTRACKPART_ID) VALUES (35, 0, 5, 1109);
INSERT INTO APP.SCENARIO_ROUTE_BLOCK_PART (ID, STATE, ROUTEBLOCK_ID, SWITCHTRACKPART_ID) VALUES (36, 0, 5, 1115);
INSERT INTO APP.SCENARIO_ROUTE_BLOCK_PART (ID, STATE, ROUTEBLOCK_ID, SWITCHTRACKPART_ID) VALUES (37, 1, 6, 614);
INSERT INTO APP.SCENARIO_ROUTE_BLOCK_PART (ID, STATE, ROUTEBLOCK_ID, SWITCHTRACKPART_ID) VALUES (38, 1, 6, 612);
INSERT INTO APP.SCENARIO_ROUTE_BLOCK_PART (ID, STATE, ROUTEBLOCK_ID, SWITCHTRACKPART_ID) VALUES (39, 0, 6, 694);
INSERT INTO APP.SCENARIO_ROUTE_BLOCK_PART (ID, STATE, ROUTEBLOCK_ID, SWITCHTRACKPART_ID) VALUES (40, 0, 6, 700);
INSERT INTO APP.SCENARIO_ROUTE_BLOCK_PART (ID, STATE, ROUTEBLOCK_ID, SWITCHTRACKPART_ID) VALUES (41, 1, 6, 690);
INSERT INTO APP.SCENARIO_ROUTE_BLOCK_PART (ID, STATE, ROUTEBLOCK_ID, SWITCHTRACKPART_ID) VALUES (42, 0, 6, 1109);
INSERT INTO APP.SCENARIO_ROUTE_BLOCK_PART (ID, STATE, ROUTEBLOCK_ID, SWITCHTRACKPART_ID) VALUES (43, 0, 6, 1115);

INSERT INTO APP.SCENARIO_ROUTE_SEQUENCE (ID, POSITION, ROUTE_ID, SCENARIO_ID) VALUES (1, 1, 1, 1);
INSERT INTO APP.SCENARIO_ROUTE_SEQUENCE (ID, POSITION, ROUTE_ID, SCENARIO_ID) VALUES (2, 1, 2, 2);
INSERT INTO APP.SCENARIO_ROUTE_SEQUENCE (ID, POSITION, ROUTE_ID, SCENARIO_ID) VALUES (3, 1, 3, 3);
INSERT INTO APP.SCENARIO_ROUTE_SEQUENCE (ID, POSITION, ROUTE_ID, SCENARIO_ID) VALUES (4, 1, 4, 4);
INSERT INTO APP.SCENARIO_ROUTE_SEQUENCE (ID, POSITION, ROUTE_ID, SCENARIO_ID) VALUES (5, 1, 5, 5);
INSERT INTO APP.SCENARIO_ROUTE_SEQUENCE (ID, POSITION, ROUTE_ID, SCENARIO_ID) VALUES (6, 1, 6, 6);